<?xml version="1.0"?>
<root>
	<brick>
		<name>grid</name>
		<orientation></orientation>
		<version>2</version>
		<file>grid</file>
		<plexpr></plexpr>
		<xtname>grid_block</xtname>
		<wordWrap>true</wordWrap>
		<table>evevents</table>
		<page>list</page>
		<parameters>
			<parameter>
				<name>columns</name>
				<default>newgrid_vertical5.htm</default>
			</parameter>
			<parameter>
				<name>hgrid</name>
				<default>newgrid_horizontal.htm</default>
			</parameter>
			<parameter>
				<name>gridheader_horizontal</name>
				<default>newgridheader_h.htm</default>
			</parameter>
			<parameter>
				<name>gridfooter_horizontal</name>
				<default>newgridfooter_h.htm</default>
			</parameter>
			<parameter>
				<name>gridrow_horizontal</name>
				<default>newgridrow_h.htm</default>
			</parameter>
			<parameter>
				<name>gridfieldsheader_horizontal</name>
				<default>newgridfieldsheader_h.htm</default>
			</parameter>
			<parameter>
				<name>gridcolumnheader_horizontal</name>
				<default>newgridcolumnheader_h.htm</default>
			</parameter>
			<parameter>
				<name>gridfieldsfooter_horizontal</name>
				<default>newgridfieldsfooter_h.htm</default>
			</parameter>
			<parameter>
				<name>gridcolumnfooter_horizontal</name>
				<default>newgridcolumnfooter_h.htm</default>
			</parameter>
			<parameter>
				<name>gridfieldsfooter2_horizontal</name>
				<default>newgridfieldsfooter2_h.htm</default>
			</parameter>
			<parameter>
				<name>gridfieldsrow_horizontal</name>
				<default>newgridfieldsrow_h.htm</default>
			</parameter>
			<parameter>
				<name>gridcolumnrow_horizontal</name>
				<default>newgridcolumnrow_h.htm</default>
			</parameter>
			<parameter>
				<name>vgrid</name>
				<default>evevents_grid_vertical.htm</default>
			</parameter>
			<parameter>
				<name>gridfieldsrow_vertical</name>
				<default>evevents_gridfieldsrow_v.htm</default>
			</parameter>
			<parameter>
				<name>gridcolumnrow_vertical</name>
				<default>evevents_gridcolumnrow_v.htm</default>
			</parameter>
		</parameters>
	</brick>

	<brick>
		<name>addheader</name>
		<orientation></orientation>
		<file>evtellfriend_addheader</file>
		<plexpr></plexpr>
		<defaultScale>120</defaultScale>
		<xtname></xtname>
		<table>evtellfriend_addheader</table>
		<page>add</page>
	</brick>
		
	<brick>
		<name>printgrid</name>
		<version>2</version>
		<orientation></orientation>
		<file>printgrid</file>
		<plexpr></plexpr>
		<table>evevents</table>
		<page>print</page>
		<xtname>grid_block</xtname>
		<noWrapper>true</noWrapper>
		<parameters>
			<parameter>
				<name>printheader</name>
				<default>printheader.htm</default>
			</parameter>
			<parameter>
				<name>page_of_print</name>
				<default>pagesprint_horizontal.htm</default>
			</parameter>
			<parameter>
				<name>hprintgrid</name>
				<default>newprintgrid_horizontal.htm</default>
			</parameter>
			<parameter>
				<name>printgridheader_h</name>
				<default>newprintgridheader_horizontal.htm</default>
			</parameter>
			<parameter>
				<name>printgridfieldsheader_h</name>
				<default>printgridfieldsheader_horizontal.htm</default>
			</parameter>
			<parameter>
				<name>printgridfieldheader_h</name>
				<default>printgridfieldheader_horizontal.htm</default>
			</parameter>
			<parameter>
				<name>printgridrow_h</name>
				<default>newprintgridrow_horizontal.htm</default>
			</parameter>
			<parameter>
				<name>printgridfields_h</name>
				<default>printgridfields_horizontal.htm</default>
			</parameter>
			<parameter>
				<name>printgridfield_h</name>
				<default>printgridfield_horizontal.htm</default>
			</parameter>
			<parameter>
				<name>printgridfooter_h</name>
				<default>newprintgridfooter_horizontal.htm</default>
			</parameter>			
			<parameter>
				<name>printgridfieldsfooter_h</name>
				<default>printgridfieldsfooter_horizontal.htm</default>
			</parameter>			
			<parameter>
				<name>printgridfieldsfooter2_h</name>
				<default>printgridfieldsfooter2_horizontal.htm</default>
			</parameter>			
			<parameter>
				<name>printgridfieldfooter_h</name>
				<default>printgridfieldfooter_horizontal.htm</default>
			</parameter>	
			<parameter>
				<name>vprintgrid</name>
				<default>newprintgrid_vertical.htm</default>
			</parameter>	
			<parameter>
				<name>printgridfields_v</name>
				<default>evevents_printgridfields_vertical.htm</default>
			</parameter>
			<parameter>
				<name>printgridfield_v</name>
				<default>evevents_printgridfield_vertical.htm</default>
			</parameter>
		</parameters>
	</brick>
	
	<brick>
		<name>viewfields</name>
		<orientation>v</orientation>
		<version>2</version>
		<file>evevents_viewfields</file>
		<plexpr></plexpr>
		<xtname></xtname>
		<table>evevents</table>
		<page>view</page>
		<wordWrap>true</wordWrap>
		<parameters>
			<parameter>
				<name>viewfield</name>
				<default>evevents_viewfield.htm</default>
			</parameter>
			<parameter>
				<name>viewtab</name>
				<default>viewtabnew.htm</default>
			</parameter>
			<parameter>
				<name>viewsection</name>
				<default>viewsectionnew.htm</default>
			</parameter>
		</parameters>
		<alternativeColor>1</alternativeColor>
	</brick>	
	<brick>
		<name>viewheader</name>
		<orientation></orientation>
		<defaultScale>120</defaultScale>
		<file>evevents_viewheader</file>
		<plexpr></plexpr>
		<xtname></xtname>
		<table>evevents</table>
		<page>view</page>
	</brick>
	<brick>
		<name>addbuttons</name>
		<orientation>v</orientation>
		<file>evtellfriend_addbuttons</file>
		<plexpr></plexpr>
		<xtname></xtname>
		<table>evtellfriend</table>
		<page>add</page>
	</brick>
</root>
