CREATE TABLE `accidentreports`(`ID` int NOT NULL AUTO_INCREMENT, `JobID` double NULL, `DateTimeOfAccident` datetime NULL, `DateOfReport` datetime NULL, `WhoHadAccident` mediumtext NULL, `WhoReportedIt` varchar(75) NULL, `ReportDetailFiles` mediumtext NULL, `ReportDetails` mediumtext NULL, `SendEmailTo` mediumtext NULL, `EmailNote` mediumtext NULL, `LastEditedBy` varchar(30) NULL, `LastEditedOn` datetime NULL, PRIMARY KEY (`ID`))CHARACTER SET utf8;
CREATE TABLE `asbestosreports`(`ID` int NOT NULL AUTO_INCREMENT, `JobID` int NOT NULL, `Files` mediumtext NULL, `LastEditedOn` datetime NULL, `LastEditedBy` varchar(30) NULL, `Type` varchar(75) NULL, `Template` varchar(75) NULL, `SendEmailTo` mediumtext NULL, `EmailNote` mediumtext NULL, PRIMARY KEY (`ID`))CHARACTER SET utf8;
CREATE TABLE `benchmarksanddatasheets`(`ID` int NOT NULL AUTO_INCREMENT, `Type` varchar(75) NULL, `Files` mediumtext NULL, `Template` varchar(75) NULL, `LastEditedBy` varchar(30) NULL, `LastEditedOn` datetime NULL, `SendEmailTo` mediumtext NULL, `EmailNote` mediumtext NULL, `SubType` varchar(75) NULL, PRIMARY KEY (`ID`))CHARACTER SET utf8;
CREATE TABLE `brochures`(`ID` int NOT NULL AUTO_INCREMENT, `JobID` int NULL, `Type` varchar(75) NULL, `Files` mediumtext NULL, `Template` varchar(75) NULL, `LastEditedBy` varchar(30) NULL, `LastEditedOn` datetime NULL, `SendEmailTo` mediumtext NULL, `EmailNote` mediumtext NULL, `SubmitedChangedApproved` varchar(50) NULL, `SubType` varchar(75) NULL, PRIMARY KEY (`ID`))CHARACTER SET utf8;
CREATE TABLE `buildingcontrol`(`ID` int NOT NULL AUTO_INCREMENT, `JobID` int NULL, `Type` varchar(75) NULL, `Template` varchar(75) NULL, `Files` mediumtext NULL, `LastEditedBy` varchar(30) NULL, `LastEditedOn` datetime NULL, `SendEmailTo` mediumtext NULL, `EmailNote` mediumtext NULL, PRIMARY KEY (`ID`))CHARACTER SET utf8;
CREATE TABLE `buildingleaseconsent`(`ID` int NOT NULL AUTO_INCREMENT, `JobID` int NULL, `Type` varchar(75) NULL, `Files` mediumtext NULL, `Template` varchar(75) NULL, `LastEditedBy` varchar(30) NULL, `LastEditedOn` datetime NULL, `SendEmailTo` mediumtext NULL, `EmailNote` mediumtext NULL, `UpdateAndComplete` varchar(50) NULL, PRIMARY KEY (`ID`))CHARACTER SET utf8;
CREATE TABLE `clientcorrespondence`(`ID` int NOT NULL AUTO_INCREMENT, `JobID` int NULL, `SentOrReceived` varchar(50) NULL, `Type` varchar(75) NULL, `Files` mediumtext NULL, `LastEditedBy` varchar(30) NULL, `LastEditeOn` datetime NULL, `SendEmailTo` mediumtext NULL, `EmailNote` mediumtext NULL, PRIMARY KEY (`ID`))CHARACTER SET utf8;
CREATE TABLE `companystructure`(`ID` int NOT NULL AUTO_INCREMENT, `JobID` int NULL, `Type` varchar(75) NULL, `Files` mediumtext NULL, `Template` varchar(75) NULL, `LastEditedBy` varchar(30) NULL, `LastEditedOn` datetime NULL, `SendEmailTo` mediumtext NULL, `EmailNote` mediumtext NULL, PRIMARY KEY (`ID`))CHARACTER SET utf8;
CREATE TABLE `contracts`(`ID` int NOT NULL AUTO_INCREMENT, `JobID` int NULL, `Type` varchar(75) NULL, `Files` mediumtext NULL, `Template` varchar(75) NULL, `LastEditedBy` varchar(30) NULL, `LastEditedOn` datetime NULL, `SendEmailTo` mediumtext NULL, `EmailNote` mediumtext NULL, `UpdateAndComplete` varchar(50) NULL, PRIMARY KEY (`ID`))CHARACTER SET utf8;
CREATE TABLE `costplan`(`ID` int NOT NULL AUTO_INCREMENT, `JobID` int NULL, `Type` varchar(75) NULL, `SubmitedChangedApproved` varchar(50) NULL, `Files` mediumtext NULL, `LastEditedBy` varchar(30) NULL, `LastEditedOn` datetime NULL, `CommentBox` mediumtext NULL, `SendEmailTo` mediumtext NULL, `EmailNote` mediumtext NULL, `SubType` varchar(75) NULL, PRIMARY KEY (`ID`))CHARACTER SET utf8;
CREATE TABLE `documenttemplates`(`ID` int NOT NULL AUTO_INCREMENT, `SubType` varchar(75) NULL, `WindowName` varchar(75) NULL, `File` mediumtext NULL, `Type` varchar(75) NULL, PRIMARY KEY (`ID`))CHARACTER SET utf8;
CREATE TABLE `doorandironmongery`(`ID` int NOT NULL AUTO_INCREMENT, `JobID` int NULL, `Type` varchar(75) NULL, `Files` mediumtext NULL, `Template` varchar(75) NULL, `LastEditedBy` varchar(30) NULL, `LastEditedOn` datetime NULL, `SendEmailTo` mediumtext NULL, `EmailNote` mediumtext NULL, `UpdateAndComplete` varchar(50) NULL, PRIMARY KEY (`ID`))CHARACTER SET utf8;
CREATE TABLE `drawings`(`ID` int NOT NULL AUTO_INCREMENT, `JobID` int NULL, `Type` varchar(75) NULL, `SubmitedChangedApproved` varchar(50) NULL, `Files` mediumtext NULL, `LastEditedBy` varchar(30) NULL, `LastEditedOn` datetime NULL, `CommentBox` mediumtext NULL, `SendEmailTo` mediumtext NULL, `EmailNote` mediumtext NULL, `SubType` varchar(75) NULL, PRIMARY KEY (`ID`))CHARACTER SET utf8;
CREATE TABLE `evironmentalcossh`(`ID` int NOT NULL AUTO_INCREMENT, `JobID` int NULL, `Type` varchar(75) NULL, `Template` varchar(75) NULL, `Files` mediumtext NULL, `LastEditedBy` varchar(30) NULL, `LastEditedOn` datetime NULL, `SendEmailTo` mediumtext NULL, `EmailNote` mediumtext NULL, PRIMARY KEY (`ID`))CHARACTER SET utf8;
CREATE TABLE `finalaccounts`(`ID` int NOT NULL AUTO_INCREMENT, `JobID` int NULL, `Type` varchar(75) NULL, `SubmitedChangedApproved` varchar(50) NULL, `Files` mediumtext NULL, `LastEditedBy` varchar(30) NULL, `LastEditedOn` datetime NULL, `CommentBox` mediumtext NULL, `SendEmailTo` mediumtext NULL, `EmailNote` mediumtext NULL, `SubType` varchar(75) NULL, PRIMARY KEY (`ID`))CHARACTER SET utf8;
CREATE TABLE `finalcontracts`(`ID` int NOT NULL AUTO_INCREMENT, `JobID` int NULL, `Type` varchar(75) NULL, `Files` mediumtext NULL, `Template` varchar(75) NULL, `LastEditedBy` varchar(30) NULL, `LastEditedOn` datetime NULL, `SendEmailTo` mediumtext NULL, `EmailNote` mediumtext NULL, `UpdateAndComplete` varchar(50) NULL, PRIMARY KEY (`ID`))CHARACTER SET utf8;
CREATE TABLE `floorfinishesschedule`(`ID` int NOT NULL AUTO_INCREMENT, `JobID` int NULL, `Type` varchar(75) NULL, `Files` mediumtext NULL, `Template` varchar(75) NULL, `LastEditedBy` varchar(30) NULL, `LastEditedOn` datetime NULL, `SendEmailTo` mediumtext NULL, `EmailNote` mediumtext NULL, `UpdateAndComplete` varchar(50) NULL, PRIMARY KEY (`ID`))CHARACTER SET utf8;
CREATE TABLE `furniture`(`ID` int NOT NULL AUTO_INCREMENT, `JobID` int NULL, `Type` varchar(75) NULL, `Files` mediumtext NULL, `Template` varchar(75) NULL, `LastEditedBy` varchar(30) NULL, `LastEditedOn` datetime NULL, `SendEmailTo` mediumtext NULL, `EmailNote` mediumtext NULL, `SubmitedChangedApproved` varchar(50) NULL, PRIMARY KEY (`ID`))CHARACTER SET utf8;
CREATE TABLE `handoverandcompletioncertificates`(`ID` int NOT NULL AUTO_INCREMENT, `JobID` int NULL, `SentOrReceived` varchar(50) NULL, `Type` varchar(75) NULL, `Files` mediumtext NULL, `LastEditedBy` varchar(30) NULL, `LastEditeOn` datetime NULL, `SendEmailTo` mediumtext NULL, `EmailNote` mediumtext NULL, PRIMARY KEY (`ID`))CHARACTER SET utf8;
CREATE TABLE `healthandsafetyaudits`(`ID` int NOT NULL AUTO_INCREMENT, `JobID` int NULL, `Type` varchar(75) NULL, `Files` mediumtext NULL, `LastEditedBy` varchar(30) NULL, `LastEditedOn` datetime NULL, `Template` varchar(75) NULL, `SendEmailTo` mediumtext NULL, `EmailNote` mediumtext NULL, PRIMARY KEY (`ID`))CHARACTER SET utf8;
CREATE TABLE `healthandsafetyinspectionreports`(`ID` int NOT NULL AUTO_INCREMENT, `JobID` int NULL, `Type` varchar(75) NULL, `Files` mediumtext NULL, `LastEditedBy` varchar(30) NULL, `LastEditedOn` datetime NULL, `Template` int NULL, `SendEmailTo` mediumtext NULL, `EmailNote` mediumtext NULL, PRIMARY KEY (`ID`))CHARACTER SET utf8;
CREATE TABLE `healthandsafetyphaseplan`(`ID` int NOT NULL AUTO_INCREMENT, `JobID` int NULL, `Type` varchar(75) NULL, `LastEditedBy` varchar(30) NULL, `LastEditedOn` datetime NULL, `Files` mediumtext NULL, `Template` varchar(75) NULL, `SendEmailTo` mediumtext NULL, `EmailNote` mediumtext NULL, `UpdateAndComplete` varchar(50) NULL, PRIMARY KEY (`ID`))CHARACTER SET utf8;
CREATE TABLE `incomingtenders`(`ID` int NOT NULL AUTO_INCREMENT, `JobID` int NULL, `Type` varchar(75) NULL, `Files` mediumtext NULL, `Template` varchar(75) NULL, `LastEditedBy` varchar(30) NULL, `LastEditedOn` datetime NULL, `SendEmailTo` mediumtext NULL, `EmailNote` mediumtext NULL, `SubType` varchar(75) NULL, `SubmitedChangedApproved` varchar(50) NULL, PRIMARY KEY (`ID`))CHARACTER SET utf8;
CREATE TABLE `job`(`ID` int NOT NULL AUTO_INCREMENT, `ProjectName` varchar(50) NULL, `ProjectNo` varchar(20) NULL, `StaffInvolved` mediumtext NULL, `Contractors` mediumtext NULL, `StartDate` datetime NULL, `Program` mediumtext NULL, `F10` mediumtext NULL, `CompanyInsurance` mediumtext NULL, `LastEditedOn` datetime NULL, `LastEditedBy` varchar(30) NULL, `JobStatus` int NULL, `Lat` decimal(20,10) NULL, `Lng` decimal(20,10) NULL, `FinishDate` datetime NULL, `DilapidationReport` mediumtext NULL, `SiteManagerCertificateSMSTS` mediumtext NULL, `SiteManagerCertificateFirstAid` mediumtext NULL, `SiteManagerCertificateCSCS` mediumtext NULL, `SiteRules` mediumtext NULL, `SiteLogisticsPlan` mediumtext NULL, `MeterReadings` mediumtext NULL, `CompanyInsuranceExpiry` datetime NULL, `F10Expiry` datetime NULL, `SiteManagerCertificateSMSTSExpiry` datetime NULL, `SiteManagerCertificateFirstAidExpiry` datetime NULL, `SiteManagerCertificateCSCSExpiry` datetime NULL, `ConstructionPhasePlanTemplate` varchar(75) NULL, `ConstructionPhasePlanFiles` mediumtext NULL, `SendEmailTo` mediumtext NULL, `EmailNote` mediumtext NULL, `Address` mediumtext NULL, `HouseNumber` varchar(50) NULL, `BuildingName` varchar(50) NULL, `OfficesLevels` varchar(50) NULL, `StreetName` varchar(50) NULL, `Postcode` varchar(50) NULL, `Province/State` varchar(50) NULL, `Country` varchar(50) NULL, PRIMARY KEY (`ID`))CHARACTER SET utf8;
CREATE TABLE `keyhregister`(`ID` int NOT NULL AUTO_INCREMENT, `JobID` int NULL, `Type` varchar(75) NULL, `Files` mediumtext NULL, `LastEditedBy` varchar(30) NULL, `LastEditedOn` datetime NULL, `Template` varchar(75) NULL, `SendEmailTo` mediumtext NULL, `EmailNote` mediumtext NULL, `UpdateAndComplete` varchar(50) NULL, PRIMARY KEY (`ID`))CHARACTER SET utf8;
CREATE TABLE `letterofintent`(`ID` int NOT NULL AUTO_INCREMENT, `JobID` int NULL, `Type` varchar(75) NULL, `Files` mediumtext NULL, `Template` varchar(75) NULL, `LastEditedBy` varchar(30) NULL, `LastEditedOn` datetime NULL, `SendEmailTo` mediumtext NULL, `EmailNote` mediumtext NULL, `UpdateAndComplete` varchar(50) NULL, PRIMARY KEY (`ID`))CHARACTER SET utf8;
CREATE TABLE `lookup`(`Type` varchar(50) NULL, `SubType` varchar(50) NULL, `Value` varchar(50) NULL)CHARACTER SET utf8;
CREATE TABLE `meetingminutes`(`ID` int NOT NULL AUTO_INCREMENT, `StartedOn` datetime NULL, `EndedOn` datetime NULL, `Type` varchar(75) NULL, `Files` mediumtext NULL, `JobID` int NULL, `PeopleAttended` mediumtext NULL, `LastEditedOn` datetime NULL, `LastEditedBy` varchar(30) NULL, `Template` varchar(75) NULL, `SendEmailTo` mediumtext NULL, `EmailNote` mediumtext NULL, PRIMARY KEY (`ID`))CHARACTER SET utf8;
CREATE TABLE `news`(`ID` int NOT NULL AUTO_INCREMENT, `NewsInfo` mediumtext NULL, `LastEditedBy` varchar(30) NULL, `LastEditedOn` datetime NULL, `SendEmailTo` mediumtext NULL, `EmailNote` mediumtext NULL, PRIMARY KEY (`ID`))CHARACTER SET utf8;
CREATE TABLE `orderform`(`ID` int NOT NULL AUTO_INCREMENT, `JobID` int NULL, `Type` varchar(75) NULL, `Files` mediumtext NULL, `Template` varchar(75) NULL, `LastEditedBy` varchar(30) NULL, `LastEditedOn` datetime NULL, `SendEmailTo` mediumtext NULL, `EmailNote` mediumtext NULL, `SubmitedChangedApproved` varchar(50) NULL, `SubType` varchar(75) NULL, PRIMARY KEY (`ID`))CHARACTER SET utf8;
CREATE TABLE `outgoingtenders`(`ID` int NOT NULL AUTO_INCREMENT, `JobID` int NULL, `Type` varchar(75) NULL, `Files` mediumtext NULL, `Template` varchar(75) NULL, `LastEditedBy` varchar(30) NULL, `LastEditedOn` datetime NULL, `SendEmailTo` mediumtext NULL, `EmailNote` mediumtext NULL, `SubType` varchar(75) NULL, `SubmitedChangedApproved` varchar(50) NULL, PRIMARY KEY (`ID`))CHARACTER SET utf8;
CREATE TABLE `ownersmanual`(`ID` int NOT NULL AUTO_INCREMENT, `JobID` int NULL, `Type` varchar(75) NULL, `Template` varchar(75) NULL, `Files` mediumtext NULL, `LastEditedBy` varchar(30) NULL, `LastEditedOn` datetime NULL, `SendEmailTo` mediumtext NULL, `EmailNote` mediumtext NULL, PRIMARY KEY (`ID`))CHARACTER SET utf8;
CREATE TABLE `peopletimesheet`(`ID` int NOT NULL AUTO_INCREMENT, `UserID` int NOT NULL, `JobID` int NOT NULL, `WeekEndingDateWorked` date NULL, `PeopleTimesheetFile` mediumtext NULL, `LastEditedBy` varchar(30) NULL, `LastEditedOn` datetime NULL, `SendEmailTo` mediumtext NULL, `EmailNote` mediumtext NULL, `TimesheetTemplate` varchar(75) NULL, `Type` varchar(75) NULL, `SubmitedChangedApproved` varchar(50) NULL, PRIMARY KEY (`ID`))CHARACTER SET utf8;
CREATE TABLE `permit`(`ID` int NOT NULL AUTO_INCREMENT, `JobID` int NULL, `Type` varchar(75) NULL, `Files` mediumtext NULL, `Template` varchar(75) NULL, `LastEditedBy` varchar(30) NULL, `LastEditedOn` datetime NULL, `SendEmailTo` mediumtext NULL, `EmailNote` mediumtext NULL, PRIMARY KEY (`ID`))CHARACTER SET utf8;
CREATE TABLE `precontracts`(`ID` int NOT NULL AUTO_INCREMENT, `JobID` int NULL, `Type` varchar(75) NULL, `Files` mediumtext NULL, `Template` varchar(75) NULL, `LastEditedBy` varchar(30) NULL, `LastEditedOn` datetime NULL, `SendEmailTo` mediumtext NULL, `EmailNote` mediumtext NULL, `UpdateAndComplete` varchar(50) NULL, PRIMARY KEY (`ID`))CHARACTER SET utf8;
CREATE TABLE `procurement`(`ID` int NOT NULL AUTO_INCREMENT, `JobID` int NULL, `Type` varchar(75) NULL, `SubmitedChangedApproved` varchar(50) NULL, `Files` mediumtext NULL, `LastEditedBy` varchar(30) NULL, `LastEditedOn` datetime NULL, `CommentBox` mediumtext NULL, `SendEmailTo` mediumtext NULL, `EmailNote` mediumtext NULL, `SubType` varchar(75) NULL, PRIMARY KEY (`ID`))CHARACTER SET utf8;
CREATE TABLE `progressreports`(`ID` int NOT NULL AUTO_INCREMENT, `JobID` int NULL, `Type` varchar(75) NULL, `Template` varchar(75) NULL, `Files` mediumtext NULL, `LastEditedBy` varchar(30) NULL, `LastEditedOn` datetime NULL, `SendEmailTo` mediumtext NULL, `EmailNote` mediumtext NULL, PRIMARY KEY (`ID`))CHARACTER SET utf8;
CREATE TABLE `purchaseorders`(`ID` int NOT NULL AUTO_INCREMENT, `JobID` int NULL, `Type` varchar(75) NULL, `Files` mediumtext NULL, `LastEditedBy` varchar(30) NULL, `LastEditedOn` datetime NULL, `Template` varchar(75) NULL, `SendEmailTo` mediumtext NULL, `EmailNote` mediumtext NULL, `SubmitedChangedApproved` varchar(50) NULL, PRIMARY KEY (`ID`))CHARACTER SET utf8;
CREATE TABLE `quotationinstructions`(`ID` int NOT NULL AUTO_INCREMENT, `JobID` int NULL, `Type` varchar(75) NULL, `Files` mediumtext NULL, `Template` varchar(75) NULL, `LastEditedBy` varchar(30) NULL, `LastEditedOn` datetime NULL, `SendEmailTo` mediumtext NULL, `EmailNote` mediumtext NULL, `SubmitedChangedApproved` varchar(50) NULL, PRIMARY KEY (`ID`))CHARACTER SET utf8;
CREATE TABLE `rams`(`ID` int NOT NULL AUTO_INCREMENT, `JobID` int NULL, `Type` varchar(75) NULL, `CompanyLiabilityInsuranceDocument` mediumtext NULL, `RAMS` mediumtext NULL, `ReviewFormTemplate` int NULL, `RAMSTemplate` int NULL, `CompanyLiabilityInsuranceExpiresOn` datetime NULL, `LastEditedBy` varchar(30) NULL, `LastEditedOn` datetime NULL, `SendEmailTo` mediumtext NULL, `EmailNote` mediumtext NULL, `SubmitedChangedApproved` varchar(50) NULL, PRIMARY KEY (`ID`))CHARACTER SET utf8;
CREATE TABLE `requestsandinstructions`(`ID` int NOT NULL AUTO_INCREMENT, `JobID` int NULL, `Files` mediumtext NULL, `LastEditedBy` varchar(30) NULL, `LastEditedOn` datetime NULL, `Type` varchar(75) NULL, `Template` varchar(75) NULL, `SendEmailTo` mediumtext NULL, `EmailNote` mediumtext NULL, `SubmitedChangedApproved` varchar(50) NULL, PRIMARY KEY (`ID`))CHARACTER SET utf8;
CREATE TABLE `rfis`(`ID` int NOT NULL AUTO_INCREMENT, `JobID` int NULL, `Type` varchar(75) NULL, `Files` mediumtext NULL, `LastEditedBy` varchar(30) NULL, `LastEditedOn` datetime NULL, `Template` varchar(75) NULL, `SendEmailTo` mediumtext NULL, `EmailNote` mediumtext NULL, `SubmitedChangedApproved` varchar(50) NULL, PRIMARY KEY (`ID`))CHARACTER SET utf8;
CREATE TABLE `rubbishremoval`(`ID` int NOT NULL AUTO_INCREMENT, `JobID` int NULL, `Type` varchar(75) NULL, `Files` mediumtext NULL, `Template` varchar(75) NULL, `LastEditedBy` varchar(30) NULL, `LastEditedOn` datetime NULL, `SendEmailTo` mediumtext NULL, `EmailNote` mediumtext NULL, PRIMARY KEY (`ID`))CHARACTER SET utf8;
CREATE TABLE `samplesandvisuals`(`ID` int NOT NULL AUTO_INCREMENT, `JobID` int NULL, `Type` varchar(75) NULL, `Files` mediumtext NULL, `Template` varchar(75) NULL, `LastEditedBy` varchar(30) NULL, `LastEditedOn` datetime NULL, `SendEmailTo` mediumtext NULL, `EmailNote` mediumtext NULL, `SubmitedChangedApproved` varchar(50) NULL, PRIMARY KEY (`ID`))CHARACTER SET utf8;
CREATE TABLE `secretarial`(`ID` int NOT NULL AUTO_INCREMENT, `JobID` int NULL, `Status` varchar(500) NULL, `Type` varchar(75) NULL, `Files` mediumtext NULL, `LastEditedBy` varchar(30) NULL, `LastEditeOn` datetime NULL, `SendEmailTo` mediumtext NULL, `EmailNote` mediumtext NULL, `Template` varchar(75) NULL, PRIMARY KEY (`ID`))CHARACTER SET utf8;
CREATE TABLE `signinregister`(`ID` int NOT NULL AUTO_INCREMENT, `JobID` int NULL, `Files` mediumtext NULL, `Type` varchar(75) NULL, `Template` varchar(75) NULL, `LastEditedBy` varchar(30) NULL, `LastEditedOn` datetime NULL, `SendEmailTo` mediumtext NULL, `EmailNote` mediumtext NULL, PRIMARY KEY (`ID`))CHARACTER SET utf8;
CREATE TABLE `sirtet_uggroups`(`GroupID` int NOT NULL AUTO_INCREMENT, `Label` varchar(300) NULL, PRIMARY KEY (`GroupID`))CHARACTER SET utf8;
CREATE TABLE `sirtet_ugmembers`(`UserName` varchar(300) NOT NULL, `GroupID` int NOT NULL, PRIMARY KEY (`UserName`(50),`GroupID`))CHARACTER SET utf8;
CREATE TABLE `sirtet_ugrights`(`TableName` varchar(300) NOT NULL, `GroupID` int NOT NULL, `AccessMask` varchar(10) NULL, PRIMARY KEY (`TableName`(50),`GroupID`))CHARACTER SET utf8;
CREATE TABLE `siteinduction`(`ID` int NOT NULL AUTO_INCREMENT, `JobID` int NOT NULL, `Files` mediumtext NULL, `LastEditedOn` datetime NULL, `LastEditedBy` varchar(30) NULL, `Type` varchar(75) NULL, `Template` varchar(75) NULL, `SendEmailTo` mediumtext NULL, `EmailNote` mediumtext NULL, `CertificateSMSTS` mediumtext NULL, `CertificateSMSTSExpiry` datetime NULL, `CertificateFirstAid` mediumtext NULL, `CertificateFirstAidExpiry` datetime NULL, `CertificateCSCS` mediumtext NULL, `CertificateCSCSExpiry` datetime NULL, `PersonNameAndSurname` varchar(75) NULL, `DateOfInduction` datetime NULL, PRIMARY KEY (`ID`))CHARACTER SET utf8;
CREATE TABLE `siteinstructionsandvariations`(`ID` int NOT NULL AUTO_INCREMENT, `JobID` int NULL, `Type` varchar(75) NULL, `Files` mediumtext NULL, `LastEditedOn` datetime NULL, `LastEditedBy` varchar(30) NULL, `Template` varchar(75) NULL, `SendEmailTo` mediumtext NULL, `EmailNote` mediumtext NULL, PRIMARY KEY (`ID`))CHARACTER SET utf8;
CREATE TABLE `siteprogressphotos`(`ID` int NOT NULL AUTO_INCREMENT, `JobID` int NULL, `Type` varchar(75) NULL, `Template` varchar(75) NULL, `Files` mediumtext NULL, `LastEditedBy` varchar(30) NULL, `LastEditedOn` datetime NULL, `SendEmailTo` mediumtext NULL, `EmailNote` mediumtext NULL, PRIMARY KEY (`ID`))CHARACTER SET utf8;
CREATE TABLE `sitesetup`(`ID` int NOT NULL AUTO_INCREMENT, `JobID` int NULL, `Type` varchar(75) NULL, `Files` mediumtext NULL, `Template` varchar(75) NULL, `LastEditedBy` varchar(30) NULL, `LastEditedOn` datetime NULL, `SendEmailTo` mediumtext NULL, `EmailNote` mediumtext NULL, PRIMARY KEY (`ID`))CHARACTER SET utf8;
CREATE TABLE `ska`(`ID` int NOT NULL AUTO_INCREMENT, `JobID` int NULL, `Type` varchar(75) NULL, `Files` mediumtext NULL, `Template` varchar(75) NULL, `LastEditedBy` varchar(30) NULL, `LastEditedOn` datetime NULL, `SendEmailTo` mediumtext NULL, `EmailNote` mediumtext NULL, PRIMARY KEY (`ID`))CHARACTER SET utf8;
CREATE TABLE `skillscertificates`(`ID` int NOT NULL AUTO_INCREMENT, `Type` mediumtext NULL, `Files` mediumtext NULL, `LastEditedBy` varchar(30) NULL, `LastEditedOn` datetime NULL, `SendEmailTo` mediumtext NULL, `EmailNote` mediumtext NULL, `ExpiryDate` datetime NULL, `WorkerType` varchar(75) NULL, `WorkerName` varchar(75) NULL, `CompanyName` varchar(75) NULL, PRIMARY KEY (`ID`))CHARACTER SET utf8;
CREATE TABLE `snagging`(`ID` int NOT NULL AUTO_INCREMENT, `JobID` int NULL, `Type` varchar(75) NULL, `Files` mediumtext NULL, `Template` varchar(75) NULL, `LastEditedBy` varchar(30) NULL, `LastEditedOn` datetime NULL, `SendEmailTo` mediumtext NULL, `EmailNote` mediumtext NULL, `UpdateAndComplete` varchar(50) NULL, PRIMARY KEY (`ID`))CHARACTER SET utf8;
CREATE TABLE `specifications`(`ID` int NOT NULL AUTO_INCREMENT, `JobID` int NULL, `Type` varchar(75) NULL, `Files` mediumtext NULL, `LastEditedBy` varchar(30) NULL, `Template` varchar(75) NULL, `LastEditedOn` datetime NULL, `SendEmailTo` mediumtext NULL, `EmailNote` mediumtext NULL, PRIMARY KEY (`ID`))CHARACTER SET utf8;
CREATE TABLE `survey`(`ID` int NOT NULL AUTO_INCREMENT, `JobID` int NULL, `Type` varchar(75) NULL, `Template` varchar(75) NULL, `Files` mediumtext NULL, `LastEditedBy` varchar(30) NULL, `LastEditedOn` datetime NULL, `SendEmailTo` mediumtext NULL, `EmailNote` mediumtext NULL, `SubType` varchar(75) NULL, PRIMARY KEY (`ID`))CHARACTER SET utf8;
CREATE TABLE `timelaps`(`ID` int NOT NULL AUTO_INCREMENT, `JobID` int NULL, `Files` mediumtext NULL, `LastEditedBy` varchar(30) NULL, `LastEditedOn` datetime NULL, `SendEmailTo` mediumtext NULL, `EmailNote` mediumtext NULL, `Type` varchar(75) NULL, `Template` varchar(75) NULL, PRIMARY KEY (`ID`))CHARACTER SET utf8;
CREATE TABLE `toolboxtalks`(`ID` int NOT NULL AUTO_INCREMENT, `JobID` int NULL, `LastEditedBy` varchar(30) NULL, `LastEditedOn` datetime NULL, `Type` varchar(75) NULL, `Template` varchar(75) NULL, `Files` mediumtext NULL, `SendEmailTo` mediumtext NULL, `EmailNote` mediumtext NULL, PRIMARY KEY (`ID`))CHARACTER SET utf8;
CREATE TABLE `users`(`ID` int NOT NULL AUTO_INCREMENT, `username` varchar(300) NULL, `password` varchar(300) NULL, `email` varchar(300) NULL, `fullname` varchar(300) NULL, `active` int NULL, `FirstName` varchar(75) NULL, `Surname` varchar(75) NULL, `Company` varchar(75) NULL, `Roles` mediumtext NULL, `Type` varchar(50) NULL, `Status` varchar(50) NULL, `Barcode` mediumtext NULL, `LastEditedOn` datetime NULL, `LoginCount` int NULL DEFAULT 0, `JobID` int NULL, `LastEditedBy` varchar(30) NULL, `DefaultCompanyContact` int NULL DEFAULT 0, `MobileNumber` varchar(50) NULL, PRIMARY KEY (`ID`))CHARACTER SET utf8;
SET FOREIGN_KEY_CHECKS = 0;
INSERT INTO `asbestosreports` (`ID`,`JobID`,`Files`,`LastEditedOn`,`LastEditedBy`,`Type`,`Template`,`SendEmailTo`,`EmailNote`) VALUES (1,1,'','2015-10-22 12:50:56','admin','Landlords Asbestos Report',NULL,'tony19760619@gmail.com,tony19760619@msn.com','1234');
SET FOREIGN_KEY_CHECKS = 1;
SET FOREIGN_KEY_CHECKS = 0;
INSERT INTO `benchmarksanddatasheets` (`ID`,`Type`,`Files`,`Template`,`LastEditedBy`,`LastEditedOn`,`SendEmailTo`,`EmailNote`,`SubType`) VALUES (1,'AV','',NULL,'admin','2015-10-29 10:37:03','','','AV - Template');
SET FOREIGN_KEY_CHECKS = 1;
SET FOREIGN_KEY_CHECKS = 0;
INSERT INTO `brochures` (`ID`,`JobID`,`Type`,`Files`,`Template`,`LastEditedBy`,`LastEditedOn`,`SendEmailTo`,`EmailNote`,`SubmitedChangedApproved`,`SubType`) VALUES (1,1,'Comp1','',NULL,'admin','2015-10-31 14:47:40','','','Approved','Prod1');
SET FOREIGN_KEY_CHECKS = 1;
SET FOREIGN_KEY_CHECKS = 0;
INSERT INTO `buildingcontrol` (`ID`,`JobID`,`Type`,`Template`,`Files`,`LastEditedBy`,`LastEditedOn`,`SendEmailTo`,`EmailNote`) VALUES (1,1,'Building Control',NULL,'','admin','2015-10-26 11:49:31','','');
INSERT INTO `buildingcontrol` (`ID`,`JobID`,`Type`,`Template`,`Files`,`LastEditedBy`,`LastEditedOn`,`SendEmailTo`,`EmailNote`) VALUES (2,5,'Building Control',NULL,'','admin','2015-10-26 11:49:47','','');
SET FOREIGN_KEY_CHECKS = 1;
SET FOREIGN_KEY_CHECKS = 0;
INSERT INTO `buildingleaseconsent` (`ID`,`JobID`,`Type`,`Files`,`Template`,`LastEditedBy`,`LastEditedOn`,`SendEmailTo`,`EmailNote`,`UpdateAndComplete`) VALUES (1,2,'Default','',NULL,'admin','2015-10-29 09:25:28','','','Complete');
SET FOREIGN_KEY_CHECKS = 1;
SET FOREIGN_KEY_CHECKS = 0;
INSERT INTO `clientcorrespondence` (`ID`,`JobID`,`SentOrReceived`,`Type`,`Files`,`LastEditedBy`,`LastEditeOn`,`SendEmailTo`,`EmailNote`) VALUES (1,1,'Sent','Default','','admin','2015-10-28 15:41:44','','');
SET FOREIGN_KEY_CHECKS = 1;
SET FOREIGN_KEY_CHECKS = 0;
INSERT INTO `companystructure` (`ID`,`JobID`,`Type`,`Files`,`Template`,`LastEditedBy`,`LastEditedOn`,`SendEmailTo`,`EmailNote`) VALUES (1,5,'Company Structure Template','',NULL,'admin','2015-10-29 10:54:56','','');
SET FOREIGN_KEY_CHECKS = 1;
SET FOREIGN_KEY_CHECKS = 0;
INSERT INTO `contracts` (`ID`,`JobID`,`Type`,`Files`,`Template`,`LastEditedBy`,`LastEditedOn`,`SendEmailTo`,`EmailNote`,`UpdateAndComplete`) VALUES (1,5,'Contracts Template','',NULL,'admin','2015-10-29 08:38:28','','','Complete');
SET FOREIGN_KEY_CHECKS = 1;
SET FOREIGN_KEY_CHECKS = 0;
INSERT INTO `costplan` (`ID`,`JobID`,`Type`,`SubmitedChangedApproved`,`Files`,`LastEditedBy`,`LastEditedOn`,`CommentBox`,`SendEmailTo`,`EmailNote`,`SubType`) VALUES (1,1,'Cost Plan 1','Submited Or Changed','','admin','2015-10-31 16:45:40','','','','123');
SET FOREIGN_KEY_CHECKS = 1;
SET FOREIGN_KEY_CHECKS = 0;
INSERT INTO `documenttemplates` (`ID`,`SubType`,`WindowName`,`File`,`Type`) VALUES (304,'','RAMS Review Form','','Sirtet');
INSERT INTO `documenttemplates` (`ID`,`SubType`,`WindowName`,`File`,`Type`) VALUES (305,'','RAMS Template','','AV');
INSERT INTO `documenttemplates` (`ID`,`SubType`,`WindowName`,`File`,`Type`) VALUES (336,'','Permit','','Comms Room');
INSERT INTO `documenttemplates` (`ID`,`SubType`,`WindowName`,`File`,`Type`) VALUES (349,'','Site Induction','','Site Operatives');
INSERT INTO `documenttemplates` (`ID`,`SubType`,`WindowName`,`File`,`Type`) VALUES (351,'','Sign In Register','','Security Sign In Register');
INSERT INTO `documenttemplates` (`ID`,`SubType`,`WindowName`,`File`,`Type`) VALUES (352,'','Asbestos Report','','Landlords Asbestos Report');
INSERT INTO `documenttemplates` (`ID`,`SubType`,`WindowName`,`File`,`Type`) VALUES (354,'','Toolbox Talks','info.txt','Default');
INSERT INTO `documenttemplates` (`ID`,`SubType`,`WindowName`,`File`,`Type`) VALUES (355,'','Site Instructions And Variations','','Default');
INSERT INTO `documenttemplates` (`ID`,`SubType`,`WindowName`,`File`,`Type`) VALUES (356,'','Requests And Instructions','','Site Request For Information');
INSERT INTO `documenttemplates` (`ID`,`SubType`,`WindowName`,`File`,`Type`) VALUES (358,'','Client Correspondence','','Default');
INSERT INTO `documenttemplates` (`ID`,`SubType`,`WindowName`,`File`,`Type`) VALUES (361,'','H&S Audits','','H&S Consultant Audit');
INSERT INTO `documenttemplates` (`ID`,`SubType`,`WindowName`,`File`,`Type`) VALUES (363,'','H&SPP','','H&SPP');
INSERT INTO `documenttemplates` (`ID`,`SubType`,`WindowName`,`File`,`Type`) VALUES (364,'','Construction Phase Plan','','Construction Phase Plan Template');
INSERT INTO `documenttemplates` (`ID`,`SubType`,`WindowName`,`File`,`Type`) VALUES (365,'','Meeting Minutes','','Consultant Pre Contracts Meeting');
INSERT INTO `documenttemplates` (`ID`,`SubType`,`WindowName`,`File`,`Type`) VALUES (380,'','Purchase Orders','','Contractor Change Order');
INSERT INTO `documenttemplates` (`ID`,`SubType`,`WindowName`,`File`,`Type`) VALUES (386,'','Progress Reports','','Consultants Progress Reports');
INSERT INTO `documenttemplates` (`ID`,`SubType`,`WindowName`,`File`,`Type`) VALUES (406,'','H&S Inspection Reports','','Weekly Site Managers Health & Safety Inspection');
INSERT INTO `documenttemplates` (`ID`,`SubType`,`WindowName`,`File`,`Type`) VALUES (407,'','Specifications','','Specifications');
INSERT INTO `documenttemplates` (`ID`,`SubType`,`WindowName`,`File`,`Type`) VALUES (408,'','RFIs','','RFIs');
INSERT INTO `documenttemplates` (`ID`,`SubType`,`WindowName`,`File`,`Type`) VALUES (409,'','Owners Manual','','Sprinklers');
INSERT INTO `documenttemplates` (`ID`,`SubType`,`WindowName`,`File`,`Type`) VALUES (410,'','Building Control','','Building Control');
INSERT INTO `documenttemplates` (`ID`,`SubType`,`WindowName`,`File`,`Type`) VALUES (411,'','Environmental And COSSH','','Environmental Policy');
INSERT INTO `documenttemplates` (`ID`,`SubType`,`WindowName`,`File`,`Type`) VALUES (414,'Draw1','Drawings','','Drawings');
INSERT INTO `documenttemplates` (`ID`,`SubType`,`WindowName`,`File`,`Type`) VALUES (417,'','People Time Sheet','','Sample People Time Sheet');
INSERT INTO `documenttemplates` (`ID`,`SubType`,`WindowName`,`File`,`Type`) VALUES (418,'','Site Progress Photos','','Site Progress Photos Default Template');
INSERT INTO `documenttemplates` (`ID`,`SubType`,`WindowName`,`File`,`Type`) VALUES (419,'1','Survey','','Survey');
INSERT INTO `documenttemplates` (`ID`,`SubType`,`WindowName`,`File`,`Type`) VALUES (420,'','Timelaps','','Default');
INSERT INTO `documenttemplates` (`ID`,`SubType`,`WindowName`,`File`,`Type`) VALUES (421,'','Key H Register','','Key H Register Template');
INSERT INTO `documenttemplates` (`ID`,`SubType`,`WindowName`,`File`,`Type`) VALUES (422,'','Site Setup','','Site Setup Template');
INSERT INTO `documenttemplates` (`ID`,`SubType`,`WindowName`,`File`,`Type`) VALUES (423,'','Rubbish Removal','','Rubbish Removal Template');
INSERT INTO `documenttemplates` (`ID`,`SubType`,`WindowName`,`File`,`Type`) VALUES (424,'','Snagging','','Snagging Template');
INSERT INTO `documenttemplates` (`ID`,`SubType`,`WindowName`,`File`,`Type`) VALUES (425,'','SKA','','SKA Template');
INSERT INTO `documenttemplates` (`ID`,`SubType`,`WindowName`,`File`,`Type`) VALUES (426,'Prod1','Brochures','','Comp1');
INSERT INTO `documenttemplates` (`ID`,`SubType`,`WindowName`,`File`,`Type`) VALUES (427,'','Furniture','','Furniture Template');
INSERT INTO `documenttemplates` (`ID`,`SubType`,`WindowName`,`File`,`Type`) VALUES (428,'','Samples and Visuals','','Samples and Visuals Template');
INSERT INTO `documenttemplates` (`ID`,`SubType`,`WindowName`,`File`,`Type`) VALUES (429,'','Door and Ironmongery','','Door and Ironmongery Template');
INSERT INTO `documenttemplates` (`ID`,`SubType`,`WindowName`,`File`,`Type`) VALUES (430,'','Floor Finishes Schedule','','Floor Finishes Schedule Template');
INSERT INTO `documenttemplates` (`ID`,`SubType`,`WindowName`,`File`,`Type`) VALUES (431,'','Pre Contracts','','Pre Contracts Template');
INSERT INTO `documenttemplates` (`ID`,`SubType`,`WindowName`,`File`,`Type`) VALUES (432,'','Final Contracts','','Final Contracts Template');
INSERT INTO `documenttemplates` (`ID`,`SubType`,`WindowName`,`File`,`Type`) VALUES (433,'','Contracts','','Contracts Template');
INSERT INTO `documenttemplates` (`ID`,`SubType`,`WindowName`,`File`,`Type`) VALUES (434,'','Company Structure','','Company Structure Template');
INSERT INTO `documenttemplates` (`ID`,`SubType`,`WindowName`,`File`,`Type`) VALUES (435,'','Quotation Instructions','','Quotation Instructions Template');
INSERT INTO `documenttemplates` (`ID`,`SubType`,`WindowName`,`File`,`Type`) VALUES (436,'','Skills Certificates','','ECS');
INSERT INTO `documenttemplates` (`ID`,`SubType`,`WindowName`,`File`,`Type`) VALUES (446,'AV - Template','Benchmarks And Datasheets','','AV');
INSERT INTO `documenttemplates` (`ID`,`SubType`,`WindowName`,`File`,`Type`) VALUES (447,'AV - Template2','Benchmarks And Datasheets','api_interface.php','AV');
INSERT INTO `documenttemplates` (`ID`,`SubType`,`WindowName`,`File`,`Type`) VALUES (448,'Blinds - Template','Benchmarks And Datasheets','','Blinds');
INSERT INTO `documenttemplates` (`ID`,`SubType`,`WindowName`,`File`,`Type`) VALUES (449,'BT - Template','Benchmarks And Datasheets','','BT');
INSERT INTO `documenttemplates` (`ID`,`SubType`,`WindowName`,`File`,`Type`) VALUES (450,'Carpet - Template','Benchmarks And Datasheets','','Carpet');
INSERT INTO `documenttemplates` (`ID`,`SubType`,`WindowName`,`File`,`Type`) VALUES (451,'Ceilings  - Template','Benchmarks And Datasheets','','Ceilings ');
INSERT INTO `documenttemplates` (`ID`,`SubType`,`WindowName`,`File`,`Type`) VALUES (452,'Construction  - Template','Benchmarks And Datasheets','','Construction ');
INSERT INTO `documenttemplates` (`ID`,`SubType`,`WindowName`,`File`,`Type`) VALUES (453,'Crane lifting - Template','Benchmarks And Datasheets','','Crane lifting');
INSERT INTO `documenttemplates` (`ID`,`SubType`,`WindowName`,`File`,`Type`) VALUES (454,'Data - Template','Benchmarks And Datasheets','','Data');
INSERT INTO `documenttemplates` (`ID`,`SubType`,`WindowName`,`File`,`Type`) VALUES (455,'Decorating - Template','Benchmarks And Datasheets','','Decorating');
INSERT INTO `documenttemplates` (`ID`,`SubType`,`WindowName`,`File`,`Type`) VALUES (456,'Demolition - Template','Benchmarks And Datasheets','','Demolition');
INSERT INTO `documenttemplates` (`ID`,`SubType`,`WindowName`,`File`,`Type`) VALUES (457,'Electrical - Template','Benchmarks And Datasheets','','Electrical');
INSERT INTO `documenttemplates` (`ID`,`SubType`,`WindowName`,`File`,`Type`) VALUES (458,'Fabricks - Template','Benchmarks And Datasheets','','Fabricks');
INSERT INTO `documenttemplates` (`ID`,`SubType`,`WindowName`,`File`,`Type`) VALUES (459,'Fire Alarms - Template','Benchmarks And Datasheets','','Fire Alarms');
INSERT INTO `documenttemplates` (`ID`,`SubType`,`WindowName`,`File`,`Type`) VALUES (460,'Flooring  - Template','Benchmarks And Datasheets','','Flooring ');
INSERT INTO `documenttemplates` (`ID`,`SubType`,`WindowName`,`File`,`Type`) VALUES (461,'Furniture - Template','Benchmarks And Datasheets','','Furniture');
INSERT INTO `documenttemplates` (`ID`,`SubType`,`WindowName`,`File`,`Type`) VALUES (462,'Gas Supresion - Template','Benchmarks And Datasheets','','Gas Supresion');
INSERT INTO `documenttemplates` (`ID`,`SubType`,`WindowName`,`File`,`Type`) VALUES (463,'Glazing Parition - Template','Benchmarks And Datasheets','','Glazing Parition');
INSERT INTO `documenttemplates` (`ID`,`SubType`,`WindowName`,`File`,`Type`) VALUES (464,'Ground Works - Template','Benchmarks And Datasheets','','Ground Works');
INSERT INTO `documenttemplates` (`ID`,`SubType`,`WindowName`,`File`,`Type`) VALUES (465,'Hand Rails  - Template','Benchmarks And Datasheets','','Hand Rails ');
INSERT INTO `documenttemplates` (`ID`,`SubType`,`WindowName`,`File`,`Type`) VALUES (466,'Joinery  - Template','Benchmarks And Datasheets','','Joinery ');
INSERT INTO `documenttemplates` (`ID`,`SubType`,`WindowName`,`File`,`Type`) VALUES (467,'Lifts - Template','Benchmarks And Datasheets','','Lifts');
INSERT INTO `documenttemplates` (`ID`,`SubType`,`WindowName`,`File`,`Type`) VALUES (468,'Manifestation - Template','Benchmarks And Datasheets','','Manifestation');
INSERT INTO `documenttemplates` (`ID`,`SubType`,`WindowName`,`File`,`Type`) VALUES (469,'Mechanical  - Template','Benchmarks And Datasheets','','Mechanical ');
INSERT INTO `documenttemplates` (`ID`,`SubType`,`WindowName`,`File`,`Type`) VALUES (470,'Partitioning - Template','Benchmarks And Datasheets','','Partitioning');
INSERT INTO `documenttemplates` (`ID`,`SubType`,`WindowName`,`File`,`Type`) VALUES (471,'Pile Caping  - Template','Benchmarks And Datasheets','','Pile Caping ');
INSERT INTO `documenttemplates` (`ID`,`SubType`,`WindowName`,`File`,`Type`) VALUES (472,'Plumbing - Template','Benchmarks And Datasheets','','Plumbing');
INSERT INTO `documenttemplates` (`ID`,`SubType`,`WindowName`,`File`,`Type`) VALUES (473,'Quooker - Template','Benchmarks And Datasheets','','Quooker');
INSERT INTO `documenttemplates` (`ID`,`SubType`,`WindowName`,`File`,`Type`) VALUES (474,'Security  - Template','Benchmarks And Datasheets','','Security ');
INSERT INTO `documenttemplates` (`ID`,`SubType`,`WindowName`,`File`,`Type`) VALUES (475,'Splach Backs  - Template','Benchmarks And Datasheets','','Splach Backs ');
INSERT INTO `documenttemplates` (`ID`,`SubType`,`WindowName`,`File`,`Type`) VALUES (476,'Stairs - Template','Benchmarks And Datasheets','','Stairs');
INSERT INTO `documenttemplates` (`ID`,`SubType`,`WindowName`,`File`,`Type`) VALUES (477,'Tiling - Template','Benchmarks And Datasheets','','Tiling');
INSERT INTO `documenttemplates` (`ID`,`SubType`,`WindowName`,`File`,`Type`) VALUES (478,'Vivreau Taps  - Template','Benchmarks And Datasheets','','Vivreau Taps ');
INSERT INTO `documenttemplates` (`ID`,`SubType`,`WindowName`,`File`,`Type`) VALUES (479,'Zip Taps - Template','Benchmarks And Datasheets','','Zip Taps');
INSERT INTO `documenttemplates` (`ID`,`SubType`,`WindowName`,`File`,`Type`) VALUES (480,'NA','Building Lease Consent','','Default');
INSERT INTO `documenttemplates` (`ID`,`SubType`,`WindowName`,`File`,`Type`) VALUES (481,NULL,'Letter Of Intent',NULL,'Letter Of Intent Type');
INSERT INTO `documenttemplates` (`ID`,`SubType`,`WindowName`,`File`,`Type`) VALUES (482,'Sub Type 1','Incoming Tenders','','Incoming Type 1');
INSERT INTO `documenttemplates` (`ID`,`SubType`,`WindowName`,`File`,`Type`) VALUES (483,'Def1','Outgoing Tenders',NULL,'Default');
INSERT INTO `documenttemplates` (`ID`,`SubType`,`WindowName`,`File`,`Type`) VALUES (484,'Sub Type 2','Incoming Tenders','','Incoming Type 1');
INSERT INTO `documenttemplates` (`ID`,`SubType`,`WindowName`,`File`,`Type`) VALUES (485,'123','Incoming Tenders','','123');
INSERT INTO `documenttemplates` (`ID`,`SubType`,`WindowName`,`File`,`Type`) VALUES (486,'2','Survey','','Survey');
INSERT INTO `documenttemplates` (`ID`,`SubType`,`WindowName`,`File`,`Type`) VALUES (487,'3','Survey','','Survey 2');
INSERT INTO `documenttemplates` (`ID`,`SubType`,`WindowName`,`File`,`Type`) VALUES (488,'Draw2','Drawings','','Drawings');
INSERT INTO `documenttemplates` (`ID`,`SubType`,`WindowName`,`File`,`Type`) VALUES (489,'Draw3','Drawings','','Drawings');
INSERT INTO `documenttemplates` (`ID`,`SubType`,`WindowName`,`File`,`Type`) VALUES (490,'surv01','Survey','','surv1');
INSERT INTO `documenttemplates` (`ID`,`SubType`,`WindowName`,`File`,`Type`) VALUES (491,'NA','Survey','','surv1');
INSERT INTO `documenttemplates` (`ID`,`SubType`,`WindowName`,`File`,`Type`) VALUES (493,'surv01','Survey','','surv2');
INSERT INTO `documenttemplates` (`ID`,`SubType`,`WindowName`,`File`,`Type`) VALUES (494,NULL,'Handover And Completion Certificates',NULL,'Handover And Completion Certificates 1');
INSERT INTO `documenttemplates` (`ID`,`SubType`,`WindowName`,`File`,`Type`) VALUES (495,'Def2','Outgoing Tenders','','Default');
INSERT INTO `documenttemplates` (`ID`,`SubType`,`WindowName`,`File`,`Type`) VALUES (496,'Def1','Outgoing Tenders','','Def1');
INSERT INTO `documenttemplates` (`ID`,`SubType`,`WindowName`,`File`,`Type`) VALUES (497,'Prod1','Brochures','','Comp2');
INSERT INTO `documenttemplates` (`ID`,`SubType`,`WindowName`,`File`,`Type`) VALUES (499,'Prod2','Brochures','','Comp1');
INSERT INTO `documenttemplates` (`ID`,`SubType`,`WindowName`,`File`,`Type`) VALUES (500,NULL,'Order Form',NULL,'Order Form Type 1');
INSERT INTO `documenttemplates` (`ID`,`SubType`,`WindowName`,`File`,`Type`) VALUES (501,'Demolition ','Owners Manual','','Lawmans');
INSERT INTO `documenttemplates` (`ID`,`SubType`,`WindowName`,`File`,`Type`) VALUES (502,'123','Secretarial',NULL,'Sec1');
INSERT INTO `documenttemplates` (`ID`,`SubType`,`WindowName`,`File`,`Type`) VALUES (503,'123','Procurement',NULL,'Procurement 1');
INSERT INTO `documenttemplates` (`ID`,`SubType`,`WindowName`,`File`,`Type`) VALUES (504,'123','Final Accounts',NULL,'Final Accounts 1');
INSERT INTO `documenttemplates` (`ID`,`SubType`,`WindowName`,`File`,`Type`) VALUES (506,'123','Cost Plan',NULL,'Cost Plan 1');
SET FOREIGN_KEY_CHECKS = 1;
SET FOREIGN_KEY_CHECKS = 0;
INSERT INTO `doorandironmongery` (`ID`,`JobID`,`Type`,`Files`,`Template`,`LastEditedBy`,`LastEditedOn`,`SendEmailTo`,`EmailNote`,`UpdateAndComplete`) VALUES (1,1,'Door and Ironmongery Template','',NULL,'admin','2015-10-29 06:15:40','','','Complete');
SET FOREIGN_KEY_CHECKS = 1;
SET FOREIGN_KEY_CHECKS = 0;
INSERT INTO `drawings` (`ID`,`JobID`,`Type`,`SubmitedChangedApproved`,`Files`,`LastEditedBy`,`LastEditedOn`,`CommentBox`,`SendEmailTo`,`EmailNote`,`SubType`) VALUES (1,1,'Drawings','Submited Or Changed','[{"name":"files\\/sql_bf08bf3z.txt","usrName":"sql.txt","size":128239,"type":"text\\/plain","searchStr":"sql.txt,!sql (1).txt,!:sStrEnd"},{"name":"files\\/sql_xfdmv4zi.txt","usrName":"sql (1).txt","size":128239,"type":"text\\/plain"}]','admin','2015-10-29 08:12:20','','','','Draw1');
INSERT INTO `drawings` (`ID`,`JobID`,`Type`,`SubmitedChangedApproved`,`Files`,`LastEditedBy`,`LastEditedOn`,`CommentBox`,`SendEmailTo`,`EmailNote`,`SubType`) VALUES (4,1,'Drawings','Approved','[{"name":"files\\/20FS_L4_PB_01 & 02_5kl0i5uj.zip","usrName":"20FS_L4_PB_01 & 02.zip","size":7001205,"type":"application\\/x-zip-compressed","searchStr":"20FS_L4_PB_01 & 02.zip,!:sStrEnd"}]','admin','2015-10-30 09:38:12','','','','Draw2');
INSERT INTO `drawings` (`ID`,`JobID`,`Type`,`SubmitedChangedApproved`,`Files`,`LastEditedBy`,`LastEditedOn`,`CommentBox`,`SendEmailTo`,`EmailNote`,`SubType`) VALUES (5,5,'Drawings','Approved','','admin','2015-10-29 08:12:47','','','','Draw3');
SET FOREIGN_KEY_CHECKS = 1;
SET FOREIGN_KEY_CHECKS = 0;
INSERT INTO `evironmentalcossh` (`ID`,`JobID`,`Type`,`Template`,`Files`,`LastEditedBy`,`LastEditedOn`,`SendEmailTo`,`EmailNote`) VALUES (1,1,'Environmental Policy',NULL,'','admin','2015-10-29 09:46:23','','');
SET FOREIGN_KEY_CHECKS = 1;
SET FOREIGN_KEY_CHECKS = 0;
INSERT INTO `finalaccounts` (`ID`,`JobID`,`Type`,`SubmitedChangedApproved`,`Files`,`LastEditedBy`,`LastEditedOn`,`CommentBox`,`SendEmailTo`,`EmailNote`,`SubType`) VALUES (1,1,'Final Accounts 1','Approved','','admin','2015-10-31 16:46:28','','','','123');
SET FOREIGN_KEY_CHECKS = 1;
SET FOREIGN_KEY_CHECKS = 0;
INSERT INTO `finalcontracts` (`ID`,`JobID`,`Type`,`Files`,`Template`,`LastEditedBy`,`LastEditedOn`,`SendEmailTo`,`EmailNote`,`UpdateAndComplete`) VALUES (1,2,'Final Contracts Template','',NULL,'admin','2015-10-29 08:38:53','','','Complete');
SET FOREIGN_KEY_CHECKS = 1;
SET FOREIGN_KEY_CHECKS = 0;
INSERT INTO `floorfinishesschedule` (`ID`,`JobID`,`Type`,`Files`,`Template`,`LastEditedBy`,`LastEditedOn`,`SendEmailTo`,`EmailNote`,`UpdateAndComplete`) VALUES (1,1,'Floor Finishes Schedule Template','',NULL,'admin','2015-10-29 06:21:08','','','Complete');
SET FOREIGN_KEY_CHECKS = 1;
SET FOREIGN_KEY_CHECKS = 0;
INSERT INTO `furniture` (`ID`,`JobID`,`Type`,`Files`,`Template`,`LastEditedBy`,`LastEditedOn`,`SendEmailTo`,`EmailNote`,`SubmitedChangedApproved`) VALUES (1,5,'Furniture Template','',NULL,'admin','2015-10-29 08:18:45','','','Approved');
SET FOREIGN_KEY_CHECKS = 1;
SET FOREIGN_KEY_CHECKS = 0;
INSERT INTO `handoverandcompletioncertificates` (`ID`,`JobID`,`SentOrReceived`,`Type`,`Files`,`LastEditedBy`,`LastEditeOn`,`SendEmailTo`,`EmailNote`) VALUES (1,1,'Sent','Handover And Completion Certificates 1','[{"name":"files\\/avast_free_antivirus_setup_online_pahu7fo5.exe","usrName":"avast_free_antivirus_setup_online.exe","size":5685704,"type":"application\\/x-msdownload","searchStr":"avast_free_antivirus_setup_online.exe,!:sStrEnd"}]','admin','2015-10-29 09:44:48','','');
SET FOREIGN_KEY_CHECKS = 1;
SET FOREIGN_KEY_CHECKS = 0;
INSERT INTO `healthandsafetyaudits` (`ID`,`JobID`,`Type`,`Files`,`LastEditedBy`,`LastEditedOn`,`Template`,`SendEmailTo`,`EmailNote`) VALUES (1,1,'H&S Consultant Audit','','admin','2015-10-28 15:45:50',NULL,'','');
SET FOREIGN_KEY_CHECKS = 1;
SET FOREIGN_KEY_CHECKS = 0;
INSERT INTO `healthandsafetyphaseplan` (`ID`,`JobID`,`Type`,`LastEditedBy`,`LastEditedOn`,`Files`,`Template`,`SendEmailTo`,`EmailNote`,`UpdateAndComplete`) VALUES (1,1,'H&SPP','admin','2015-10-28 15:54:17','',NULL,'','','Update');
SET FOREIGN_KEY_CHECKS = 1;
SET FOREIGN_KEY_CHECKS = 0;
INSERT INTO `incomingtenders` (`ID`,`JobID`,`Type`,`Files`,`Template`,`LastEditedBy`,`LastEditedOn`,`SendEmailTo`,`EmailNote`,`SubType`,`SubmitedChangedApproved`) VALUES (1,1,'Incoming Type 1','',NULL,'admin','2015-10-30 10:20:46','','','Sub Type 1','Approved');
SET FOREIGN_KEY_CHECKS = 1;
SET FOREIGN_KEY_CHECKS = 0;
INSERT INTO `job` (`ID`,`ProjectName`,`ProjectNo`,`StaffInvolved`,`Contractors`,`StartDate`,`Program`,`F10`,`CompanyInsurance`,`LastEditedOn`,`LastEditedBy`,`JobStatus`,`Lat`,`Lng`,`FinishDate`,`DilapidationReport`,`SiteManagerCertificateSMSTS`,`SiteManagerCertificateFirstAid`,`SiteManagerCertificateCSCS`,`SiteRules`,`SiteLogisticsPlan`,`MeterReadings`,`CompanyInsuranceExpiry`,`F10Expiry`,`SiteManagerCertificateSMSTSExpiry`,`SiteManagerCertificateFirstAidExpiry`,`SiteManagerCertificateCSCSExpiry`,`ConstructionPhasePlanTemplate`,`ConstructionPhasePlanFiles`,`SendEmailTo`,`EmailNote`,`Address`,`HouseNumber`,`BuildingName`,`OfficesLevels`,`StreetName`,`Postcode`,`Province/State`,`Country`) VALUES (1,'12','12','','','2015-08-26 00:00:00','','','[{"name":"files\\/sql_p00bn0v8.txt","usrName":"sql.txt","size":128239,"type":"text\\/plain","searchStr":"sql.txt,!:sStrEnd"}]','2015-11-05 09:21:41','admin',1,0.0000000000,0.0000000000,'2015-08-20 00:00:00','','','','','','','','2015-08-26 00:00:00',NULL,'2015-08-26 00:00:00','2015-08-26 00:00:00','2015-08-26 00:00:00',NULL,'','tony19760619@gmail.com,tony@tbs-online.co.za','','United Kingdom\r\n<br>London\r\n<br>5\r\n<br>riverdale street\r\n<br>tw136nr\r\n<br>','5','','','riverdale street','tw136nr','London','United Kingdom');
INSERT INTO `job` (`ID`,`ProjectName`,`ProjectNo`,`StaffInvolved`,`Contractors`,`StartDate`,`Program`,`F10`,`CompanyInsurance`,`LastEditedOn`,`LastEditedBy`,`JobStatus`,`Lat`,`Lng`,`FinishDate`,`DilapidationReport`,`SiteManagerCertificateSMSTS`,`SiteManagerCertificateFirstAid`,`SiteManagerCertificateCSCS`,`SiteRules`,`SiteLogisticsPlan`,`MeterReadings`,`CompanyInsuranceExpiry`,`F10Expiry`,`SiteManagerCertificateSMSTSExpiry`,`SiteManagerCertificateFirstAidExpiry`,`SiteManagerCertificateCSCSExpiry`,`ConstructionPhasePlanTemplate`,`ConstructionPhasePlanFiles`,`SendEmailTo`,`EmailNote`,`Address`,`HouseNumber`,`BuildingName`,`OfficesLevels`,`StreetName`,`Postcode`,`Province/State`,`Country`) VALUES (2,'33','33','','','2015-10-20 00:00:00','','','[{"name":"files\\/SIT-F03 Site Filing_yegkhkor.xls","usrName":"SIT-F03 Site Filing.xls","size":1821696,"type":"application\\/vnd.ms-excel","searchStr":"SIT-F03 Site Filing.xls,!:sStrEnd"}]','2015-11-05 09:22:26','admin',1,14.1374253000,101.3608275000,'2015-10-15 00:00:00','','','','','','','','2015-10-20 00:00:00',NULL,'2015-10-20 00:00:00','2015-10-20 00:00:00','2015-10-20 00:00:00',NULL,'','','','United Kingdom\r\n<br>Manchester\r\n<br>','','','','','','Manchester','United Kingdom');
INSERT INTO `job` (`ID`,`ProjectName`,`ProjectNo`,`StaffInvolved`,`Contractors`,`StartDate`,`Program`,`F10`,`CompanyInsurance`,`LastEditedOn`,`LastEditedBy`,`JobStatus`,`Lat`,`Lng`,`FinishDate`,`DilapidationReport`,`SiteManagerCertificateSMSTS`,`SiteManagerCertificateFirstAid`,`SiteManagerCertificateCSCS`,`SiteRules`,`SiteLogisticsPlan`,`MeterReadings`,`CompanyInsuranceExpiry`,`F10Expiry`,`SiteManagerCertificateSMSTSExpiry`,`SiteManagerCertificateFirstAidExpiry`,`SiteManagerCertificateCSCSExpiry`,`ConstructionPhasePlanTemplate`,`ConstructionPhasePlanFiles`,`SendEmailTo`,`EmailNote`,`Address`,`HouseNumber`,`BuildingName`,`OfficesLevels`,`StreetName`,`Postcode`,`Province/State`,`Country`) VALUES (3,'44','44','','','2015-10-20 00:00:00','','','[{"name":"files\\/SIT-F03 Site Filing_mnp0jvde.xls","usrName":"SIT-F03 Site Filing.xls","size":1821696,"type":"application\\/vnd.ms-excel","searchStr":"SIT-F03 Site Filing.xls,!:sStrEnd"}]','2015-10-21 15:45:04','admin',1,36.1432293000,58.9892113000,'2015-10-07 00:00:00','','','','','','','','2015-10-20 00:00:00',NULL,'2015-10-20 00:00:00','2015-10-20 00:00:00','2015-10-20 00:00:00',NULL,'','','',NULL,NULL,NULL,NULL,NULL,NULL,NULL,NULL);
INSERT INTO `job` (`ID`,`ProjectName`,`ProjectNo`,`StaffInvolved`,`Contractors`,`StartDate`,`Program`,`F10`,`CompanyInsurance`,`LastEditedOn`,`LastEditedBy`,`JobStatus`,`Lat`,`Lng`,`FinishDate`,`DilapidationReport`,`SiteManagerCertificateSMSTS`,`SiteManagerCertificateFirstAid`,`SiteManagerCertificateCSCS`,`SiteRules`,`SiteLogisticsPlan`,`MeterReadings`,`CompanyInsuranceExpiry`,`F10Expiry`,`SiteManagerCertificateSMSTSExpiry`,`SiteManagerCertificateFirstAidExpiry`,`SiteManagerCertificateCSCSExpiry`,`ConstructionPhasePlanTemplate`,`ConstructionPhasePlanFiles`,`SendEmailTo`,`EmailNote`,`Address`,`HouseNumber`,`BuildingName`,`OfficesLevels`,`StreetName`,`Postcode`,`Province/State`,`Country`) VALUES (4,'55','55','','','2015-10-20 00:00:00','','','[{"name":"files\\/Sirtet Folder template_dfdwlswm.xls","usrName":"Sirtet Folder template.xls","size":1823232,"type":"application\\/vnd.ms-excel","searchStr":"Sirtet Folder template.xls,!:sStrEnd"}]','2015-10-20 16:41:21','admin',1,35.1042287000,-81.3206768000,'2015-10-31 00:00:00','','','','','','','','2015-10-20 00:00:00',NULL,'2015-10-20 00:00:00','2015-10-20 00:00:00','2015-10-20 00:00:00',NULL,'','','',NULL,NULL,NULL,NULL,NULL,NULL,NULL,NULL);
INSERT INTO `job` (`ID`,`ProjectName`,`ProjectNo`,`StaffInvolved`,`Contractors`,`StartDate`,`Program`,`F10`,`CompanyInsurance`,`LastEditedOn`,`LastEditedBy`,`JobStatus`,`Lat`,`Lng`,`FinishDate`,`DilapidationReport`,`SiteManagerCertificateSMSTS`,`SiteManagerCertificateFirstAid`,`SiteManagerCertificateCSCS`,`SiteRules`,`SiteLogisticsPlan`,`MeterReadings`,`CompanyInsuranceExpiry`,`F10Expiry`,`SiteManagerCertificateSMSTSExpiry`,`SiteManagerCertificateFirstAidExpiry`,`SiteManagerCertificateCSCSExpiry`,`ConstructionPhasePlanTemplate`,`ConstructionPhasePlanFiles`,`SendEmailTo`,`EmailNote`,`Address`,`HouseNumber`,`BuildingName`,`OfficesLevels`,`StreetName`,`Postcode`,`Province/State`,`Country`) VALUES (5,'123','123','','','2015-10-26 00:00:00','','','[{"name":"files\\/Site Set Up Details to order_2lrh8e16.docx","usrName":"Site Set Up Details to order.docx","size":819553,"type":"application\\/vnd.openxmlformats-officedocument.wordprocessingml.document","searchStr":"Site Set Up Details to order.docx,!:sStrEnd"}]','2015-11-05 09:06:51','admin',1,NULL,NULL,'2015-10-21 00:00:00','','','','','','','','2015-10-26 00:00:00',NULL,'2015-10-26 00:00:00','2015-10-26 00:00:00','2015-10-26 00:00:00',NULL,'','','','1\r\n<br>Church\r\n<br>SN134NR\r\n<br>','1','','','Church','SN134NR','Wales','United Kingdom');
SET FOREIGN_KEY_CHECKS = 1;
SET FOREIGN_KEY_CHECKS = 0;
INSERT INTO `keyhregister` (`ID`,`JobID`,`Type`,`Files`,`LastEditedBy`,`LastEditedOn`,`Template`,`SendEmailTo`,`EmailNote`,`UpdateAndComplete`) VALUES (1,1,'Key H Register Template','','admin','2015-10-29 06:07:17',NULL,'','','Complete');
SET FOREIGN_KEY_CHECKS = 1;
SET FOREIGN_KEY_CHECKS = 0;
INSERT INTO `letterofintent` (`ID`,`JobID`,`Type`,`Files`,`Template`,`LastEditedBy`,`LastEditedOn`,`SendEmailTo`,`EmailNote`,`UpdateAndComplete`) VALUES (1,1,'Letter Of Intent Type','[{"name":"files\\/morne bronkhorst_m9qe7y5q.doc","usrName":"morne bronkhorst.doc","size":2247680,"type":"application\\/msword","searchStr":"morne bronkhorst.doc,!:sStrEnd"}]',NULL,'admin','2015-10-29 09:32:38','','','Complete');
SET FOREIGN_KEY_CHECKS = 1;
SET FOREIGN_KEY_CHECKS = 0;
INSERT INTO `lookup` (`Type`,`SubType`,`Value`) VALUES ('Job Status','','Open');
INSERT INTO `lookup` (`Type`,`SubType`,`Value`) VALUES ('Job Status','','Closed');
INSERT INTO `lookup` (`Type`,`SubType`,`Value`) VALUES ('User Status','Staff','Employed');
INSERT INTO `lookup` (`Type`,`SubType`,`Value`) VALUES ('User Status','Staff','Not Employed');
INSERT INTO `lookup` (`Type`,`SubType`,`Value`) VALUES ('User Status','Contractor','Appointed');
INSERT INTO `lookup` (`Type`,`SubType`,`Value`) VALUES ('User Status','Contractor','Not Appointed');
INSERT INTO `lookup` (`Type`,`SubType`,`Value`) VALUES ('Roles','','Project Manager');
INSERT INTO `lookup` (`Type`,`SubType`,`Value`) VALUES ('Roles','','Construction Manager');
INSERT INTO `lookup` (`Type`,`SubType`,`Value`) VALUES ('Roles','','Health And Safety Manager');
INSERT INTO `lookup` (`Type`,`SubType`,`Value`) VALUES ('Roles','','Site Manager');
INSERT INTO `lookup` (`Type`,`SubType`,`Value`) VALUES ('Roles','','Contract Manager');
INSERT INTO `lookup` (`Type`,`SubType`,`Value`) VALUES ('Roles','','Designer');
INSERT INTO `lookup` (`Type`,`SubType`,`Value`) VALUES ('Roles','','Office Admin');
INSERT INTO `lookup` (`Type`,`SubType`,`Value`) VALUES ('WorkType','','Administer');
INSERT INTO `lookup` (`Type`,`SubType`,`Value`) VALUES ('WorkType','','Labor');
INSERT INTO `lookup` (`Type`,`SubType`,`Value`) VALUES ('MeetingType','','Client');
INSERT INTO `lookup` (`Type`,`SubType`,`Value`) VALUES ('MeetingType','','Consultant');
INSERT INTO `lookup` (`Type`,`SubType`,`Value`) VALUES ('MeetingType','','Sub Contractor');
INSERT INTO `lookup` (`Type`,`SubType`,`Value`) VALUES ('Specification Type','','Broad Spec');
INSERT INTO `lookup` (`Type`,`SubType`,`Value`) VALUES ('Specification Type','','Detailed Spec');
INSERT INTO `lookup` (`Type`,`SubType`,`Value`) VALUES ('SentOrReceived','','Received');
INSERT INTO `lookup` (`Type`,`SubType`,`Value`) VALUES ('SentOrReceived','','Sent');
INSERT INTO `lookup` (`Type`,`SubType`,`Value`) VALUES ('Correspondence Type','','Fax');
INSERT INTO `lookup` (`Type`,`SubType`,`Value`) VALUES ('Correspondence Type','','Email');
INSERT INTO `lookup` (`Type`,`SubType`,`Value`) VALUES ('Correspondence Type','','Post');
INSERT INTO `lookup` (`Type`,`SubType`,`Value`) VALUES ('User Type','','Contractor');
INSERT INTO `lookup` (`Type`,`SubType`,`Value`) VALUES ('User Type','','Site Based Staff');
INSERT INTO `lookup` (`Type`,`SubType`,`Value`) VALUES ('User Type','','Staff');
INSERT INTO `lookup` (`Type`,`SubType`,`Value`) VALUES ('User Type','','Consultant');
INSERT INTO `lookup` (`Type`,`SubType`,`Value`) VALUES ('Sign In Register','','Site Sign In Register');
INSERT INTO `lookup` (`Type`,`SubType`,`Value`) VALUES ('Sign In Register','','Security Sign In Register');
INSERT INTO `lookup` (`Type`,`SubType`,`Value`) VALUES ('Roles','','Operative');
INSERT INTO `lookup` (`Type`,`SubType`,`Value`) VALUES ('SubmitedChangedApproved','','Submited Or Changed');
INSERT INTO `lookup` (`Type`,`SubType`,`Value`) VALUES ('SubmitedChangedApproved','','Approved');
INSERT INTO `lookup` (`Type`,`SubType`,`Value`) VALUES ('Send Mail','','Dont Send');
INSERT INTO `lookup` (`Type`,`SubType`,`Value`) VALUES ('Send Mail','','Send');
INSERT INTO `lookup` (`Type`,`SubType`,`Value`) VALUES ('User Status','Consultant','Appointed');
INSERT INTO `lookup` (`Type`,`SubType`,`Value`) VALUES ('User Status','Consultant','Not Appointed');
INSERT INTO `lookup` (`Type`,`SubType`,`Value`) VALUES ('Roles','','Director');
INSERT INTO `lookup` (`Type`,`SubType`,`Value`) VALUES ('Roles','','Sales');
INSERT INTO `lookup` (`Type`,`SubType`,`Value`) VALUES ('Roles','','IT');
INSERT INTO `lookup` (`Type`,`SubType`,`Value`) VALUES ('Roles','','Quantity Surveyor');
INSERT INTO `lookup` (`Type`,`SubType`,`Value`) VALUES ('UpdateAndComplete','','Update');
INSERT INTO `lookup` (`Type`,`SubType`,`Value`) VALUES ('UpdateAndComplete','','Complete');
INSERT INTO `lookup` (`Type`,`SubType`,`Value`) VALUES ('User Status','Site Based Staff','Employed');
INSERT INTO `lookup` (`Type`,`SubType`,`Value`) VALUES ('User Status','Site Based Staff','Not Employed');
SET FOREIGN_KEY_CHECKS = 1;
SET FOREIGN_KEY_CHECKS = 0;
INSERT INTO `meetingminutes` (`ID`,`StartedOn`,`EndedOn`,`Type`,`Files`,`JobID`,`PeopleAttended`,`LastEditedOn`,`LastEditedBy`,`Template`,`SendEmailTo`,`EmailNote`) VALUES (1,'2015-10-30 00:00:00','2015-10-30 00:00:00','Consultant Pre Contracts Meeting','',5,'','2015-10-30 11:35:43','admin',NULL,'','');
SET FOREIGN_KEY_CHECKS = 1;
SET FOREIGN_KEY_CHECKS = 0;
INSERT INTO `orderform` (`ID`,`JobID`,`Type`,`Files`,`Template`,`LastEditedBy`,`LastEditedOn`,`SendEmailTo`,`EmailNote`,`SubmitedChangedApproved`,`SubType`) VALUES (1,1,'Order Form Type 1','',NULL,'admin','2015-10-30 10:05:44','','','Approved','Prod1');
SET FOREIGN_KEY_CHECKS = 1;
SET FOREIGN_KEY_CHECKS = 0;
INSERT INTO `outgoingtenders` (`ID`,`JobID`,`Type`,`Files`,`Template`,`LastEditedBy`,`LastEditedOn`,`SendEmailTo`,`EmailNote`,`SubType`,`SubmitedChangedApproved`) VALUES (1,1,'Def1','',NULL,'admin','2015-10-30 10:21:15','','','Def1','Approved');
SET FOREIGN_KEY_CHECKS = 1;
SET FOREIGN_KEY_CHECKS = 0;
INSERT INTO `ownersmanual` (`ID`,`JobID`,`Type`,`Template`,`Files`,`LastEditedBy`,`LastEditedOn`,`SendEmailTo`,`EmailNote`) VALUES (1,1,'Sprinklers',NULL,'','admin','2015-10-29 09:37:33','','');
INSERT INTO `ownersmanual` (`ID`,`JobID`,`Type`,`Template`,`Files`,`LastEditedBy`,`LastEditedOn`,`SendEmailTo`,`EmailNote`) VALUES (2,5,'Sprinklers',NULL,'[{"name":"files\\/20FS_L4_PB_01 & 02_mtalpy7j.zip","usrName":"20FS_L4_PB_01 & 02.zip","size":7001205,"type":"application\\/x-zip-compressed","searchStr":"20FS_L4_PB_01 & 02.zip,!:sStrEnd"}]','admin','2015-10-30 11:39:02','','');
INSERT INTO `ownersmanual` (`ID`,`JobID`,`Type`,`Template`,`Files`,`LastEditedBy`,`LastEditedOn`,`SendEmailTo`,`EmailNote`) VALUES (3,5,'Lawmans',NULL,'[{"name":"files\\/20FS_L4_PB_01 & 02_ez8n690g.zip","usrName":"20FS_L4_PB_01 & 02.zip","size":7001205,"type":"application\\/x-zip-compressed","searchStr":"20FS_L4_PB_01 & 02.zip,!:sStrEnd"}]','admin','2015-10-30 11:43:27','','');
SET FOREIGN_KEY_CHECKS = 1;
SET FOREIGN_KEY_CHECKS = 0;
INSERT INTO `peopletimesheet` (`ID`,`UserID`,`JobID`,`WeekEndingDateWorked`,`PeopleTimesheetFile`,`LastEditedBy`,`LastEditedOn`,`SendEmailTo`,`EmailNote`,`TimesheetTemplate`,`Type`,`SubmitedChangedApproved`) VALUES (1,5,1,'2015-10-28','','admin','2015-10-28 15:06:26','','',NULL,'Sample People Time Sheet','Approved');
SET FOREIGN_KEY_CHECKS = 1;
SET FOREIGN_KEY_CHECKS = 0;
INSERT INTO `precontracts` (`ID`,`JobID`,`Type`,`Files`,`Template`,`LastEditedBy`,`LastEditedOn`,`SendEmailTo`,`EmailNote`,`UpdateAndComplete`) VALUES (1,1,'Pre Contracts Template','',NULL,'admin','2015-10-29 08:37:54','','','Complete');
SET FOREIGN_KEY_CHECKS = 1;
SET FOREIGN_KEY_CHECKS = 0;
INSERT INTO `procurement` (`ID`,`JobID`,`Type`,`SubmitedChangedApproved`,`Files`,`LastEditedBy`,`LastEditedOn`,`CommentBox`,`SendEmailTo`,`EmailNote`,`SubType`) VALUES (1,1,'Procurement 1','Approved','','admin','2015-10-31 16:47:19','','','','123');
SET FOREIGN_KEY_CHECKS = 1;
SET FOREIGN_KEY_CHECKS = 0;
INSERT INTO `purchaseorders` (`ID`,`JobID`,`Type`,`Files`,`LastEditedBy`,`LastEditedOn`,`Template`,`SendEmailTo`,`EmailNote`,`SubmitedChangedApproved`) VALUES (1,1,'Contractor Change Order','','admin','2015-10-28 15:15:30',NULL,'','','Approved');
SET FOREIGN_KEY_CHECKS = 1;
SET FOREIGN_KEY_CHECKS = 0;
INSERT INTO `quotationinstructions` (`ID`,`JobID`,`Type`,`Files`,`Template`,`LastEditedBy`,`LastEditedOn`,`SendEmailTo`,`EmailNote`,`SubmitedChangedApproved`) VALUES (1,5,'Quotation Instructions Template','',NULL,'admin','2015-10-28 15:32:38','','','Approved');
SET FOREIGN_KEY_CHECKS = 1;
SET FOREIGN_KEY_CHECKS = 0;
INSERT INTO `rams` (`ID`,`JobID`,`Type`,`CompanyLiabilityInsuranceDocument`,`RAMS`,`ReviewFormTemplate`,`RAMSTemplate`,`CompanyLiabilityInsuranceExpiresOn`,`LastEditedBy`,`LastEditedOn`,`SendEmailTo`,`EmailNote`,`SubmitedChangedApproved`) VALUES (1,1,'AV','','',NULL,NULL,'2015-10-28 00:00:00','admin','2015-10-28 14:39:39','','','Approved');
INSERT INTO `rams` (`ID`,`JobID`,`Type`,`CompanyLiabilityInsuranceDocument`,`RAMS`,`ReviewFormTemplate`,`RAMSTemplate`,`CompanyLiabilityInsuranceExpiresOn`,`LastEditedBy`,`LastEditedOn`,`SendEmailTo`,`EmailNote`,`SubmitedChangedApproved`) VALUES (2,2,'AV','[{"name":"files\\/20FS_L4_PB_01 & 02_3aayoz88.zip","usrName":"20FS_L4_PB_01 & 02.zip","size":7001205,"type":"application\\/x-zip-compressed","searchStr":"20FS_L4_PB_01 & 02.zip,!:sStrEnd"}]','[{"name":"files\\/20FS_L4_PB_01 & 02_6ou2vl49.zip","usrName":"20FS_L4_PB_01 & 02.zip","size":7001205,"type":"application\\/x-zip-compressed","searchStr":"20FS_L4_PB_01 & 02.zip,!:sStrEnd"}]',NULL,NULL,'2015-10-30 00:00:00','admin','2015-10-30 11:17:22','','','Submited Or Changed');
SET FOREIGN_KEY_CHECKS = 1;
SET FOREIGN_KEY_CHECKS = 0;
INSERT INTO `requestsandinstructions` (`ID`,`JobID`,`Files`,`LastEditedBy`,`LastEditedOn`,`Type`,`Template`,`SendEmailTo`,`EmailNote`,`SubmitedChangedApproved`) VALUES (1,1,'','admin','2015-10-28 15:23:01','Site Request For Information',NULL,'','','Approved');
SET FOREIGN_KEY_CHECKS = 1;
SET FOREIGN_KEY_CHECKS = 0;
INSERT INTO `rfis` (`ID`,`JobID`,`Type`,`Files`,`LastEditedBy`,`LastEditedOn`,`Template`,`SendEmailTo`,`EmailNote`,`SubmitedChangedApproved`) VALUES (1,1,'RFIs','','admin','2015-10-29 08:24:47',NULL,'','','Approved');
SET FOREIGN_KEY_CHECKS = 1;
SET FOREIGN_KEY_CHECKS = 0;
INSERT INTO `samplesandvisuals` (`ID`,`JobID`,`Type`,`Files`,`Template`,`LastEditedBy`,`LastEditedOn`,`SendEmailTo`,`EmailNote`,`SubmitedChangedApproved`) VALUES (1,1,'Samples and Visuals Template','',NULL,'admin','2015-10-29 07:54:22','','','Approved');
SET FOREIGN_KEY_CHECKS = 1;
SET FOREIGN_KEY_CHECKS = 0;
INSERT INTO `secretarial` (`ID`,`JobID`,`Status`,`Type`,`Files`,`LastEditedBy`,`LastEditeOn`,`SendEmailTo`,`EmailNote`,`Template`) VALUES (1,NULL,'Approved,Complete,Received,Sent','','','admin','2015-10-30 13:12:06','','',NULL);
SET FOREIGN_KEY_CHECKS = 1;
SET FOREIGN_KEY_CHECKS = 0;
INSERT INTO `sirtet_uggroups` (`GroupID`,`Label`) VALUES (1,'AllUpdates');
INSERT INTO `sirtet_uggroups` (`GroupID`,`Label`) VALUES (3,'EditOnly');
INSERT INTO `sirtet_uggroups` (`GroupID`,`Label`) VALUES (4,'ViewOnly');
INSERT INTO `sirtet_uggroups` (`GroupID`,`Label`) VALUES (5,'AdminRecs');
INSERT INTO `sirtet_uggroups` (`GroupID`,`Label`) VALUES (6,'Sales Dep');
SET FOREIGN_KEY_CHECKS = 1;
SET FOREIGN_KEY_CHECKS = 0;
INSERT INTO `sirtet_ugmembers` (`UserName`,`GroupID`) VALUES ('admin',-1);
INSERT INTO `sirtet_ugmembers` (`UserName`,`GroupID`) VALUES ('Morne.Bronkhorst',1);
INSERT INTO `sirtet_ugmembers` (`UserName`,`GroupID`) VALUES ('Morne.Bronkhorst',5);
INSERT INTO `sirtet_ugmembers` (`UserName`,`GroupID`) VALUES ('test',4);
INSERT INTO `sirtet_ugmembers` (`UserName`,`GroupID`) VALUES ('test1',6);
INSERT INTO `sirtet_ugmembers` (`UserName`,`GroupID`) VALUES ('test2',1);
INSERT INTO `sirtet_ugmembers` (`UserName`,`GroupID`) VALUES ('Tony.Silva',4);
INSERT INTO `sirtet_ugmembers` (`UserName`,`GroupID`) VALUES ('Tony.Silva',5);
SET FOREIGN_KEY_CHECKS = 1;
SET FOREIGN_KEY_CHECKS = 0;
INSERT INTO `sirtet_ugrights` (`TableName`,`GroupID`,`AccessMask`) VALUES ('accidentreports',-1,'ADESPIM');
INSERT INTO `sirtet_ugrights` (`TableName`,`GroupID`,`AccessMask`) VALUES ('accidentreports',1,'AEDSPI');
INSERT INTO `sirtet_ugrights` (`TableName`,`GroupID`,`AccessMask`) VALUES ('accidentreports',3,'ESP');
INSERT INTO `sirtet_ugrights` (`TableName`,`GroupID`,`AccessMask`) VALUES ('accidentreports',4,'SP');
INSERT INTO `sirtet_ugrights` (`TableName`,`GroupID`,`AccessMask`) VALUES ('asbestosreports',-1,'ADESPIM');
INSERT INTO `sirtet_ugrights` (`TableName`,`GroupID`,`AccessMask`) VALUES ('asbestosreports',1,'AEDSPI');
INSERT INTO `sirtet_ugrights` (`TableName`,`GroupID`,`AccessMask`) VALUES ('asbestosreports',3,'ESP');
INSERT INTO `sirtet_ugrights` (`TableName`,`GroupID`,`AccessMask`) VALUES ('asbestosreports',4,'SP');
INSERT INTO `sirtet_ugrights` (`TableName`,`GroupID`,`AccessMask`) VALUES ('benchmarksanddatasheets',-1,'AEDSPI');
INSERT INTO `sirtet_ugrights` (`TableName`,`GroupID`,`AccessMask`) VALUES ('benchmarksanddatasheets',1,'AEDSPI');
INSERT INTO `sirtet_ugrights` (`TableName`,`GroupID`,`AccessMask`) VALUES ('benchmarksanddatasheets',3,'ESP');
INSERT INTO `sirtet_ugrights` (`TableName`,`GroupID`,`AccessMask`) VALUES ('benchmarksanddatasheets',4,'SP');
INSERT INTO `sirtet_ugrights` (`TableName`,`GroupID`,`AccessMask`) VALUES ('bm_av',-1,'AEDSPI');
INSERT INTO `sirtet_ugrights` (`TableName`,`GroupID`,`AccessMask`) VALUES ('brochures',-1,'AEDSPIM');
INSERT INTO `sirtet_ugrights` (`TableName`,`GroupID`,`AccessMask`) VALUES ('brochures1',-1,'AEDSPIM');
INSERT INTO `sirtet_ugrights` (`TableName`,`GroupID`,`AccessMask`) VALUES ('buildingcontrol',-1,'ADESPIM');
INSERT INTO `sirtet_ugrights` (`TableName`,`GroupID`,`AccessMask`) VALUES ('buildingcontrol',1,'AEDSPI');
INSERT INTO `sirtet_ugrights` (`TableName`,`GroupID`,`AccessMask`) VALUES ('buildingcontrol',3,'ESP');
INSERT INTO `sirtet_ugrights` (`TableName`,`GroupID`,`AccessMask`) VALUES ('buildingcontrol',4,'SP');
INSERT INTO `sirtet_ugrights` (`TableName`,`GroupID`,`AccessMask`) VALUES ('buildingcontrol',6,'ADESPI');
INSERT INTO `sirtet_ugrights` (`TableName`,`GroupID`,`AccessMask`) VALUES ('buildingleaseconsent',-1,'AEDSPI');
INSERT INTO `sirtet_ugrights` (`TableName`,`GroupID`,`AccessMask`) VALUES ('clientcorrespondence',-1,'ADESPIM');
INSERT INTO `sirtet_ugrights` (`TableName`,`GroupID`,`AccessMask`) VALUES ('clientcorrespondence',1,'AEDSPI');
INSERT INTO `sirtet_ugrights` (`TableName`,`GroupID`,`AccessMask`) VALUES ('clientcorrespondence',3,'ESP');
INSERT INTO `sirtet_ugrights` (`TableName`,`GroupID`,`AccessMask`) VALUES ('clientcorrespondence',4,'SP');
INSERT INTO `sirtet_ugrights` (`TableName`,`GroupID`,`AccessMask`) VALUES ('companystructure',-1,'ADESPIM');
INSERT INTO `sirtet_ugrights` (`TableName`,`GroupID`,`AccessMask`) VALUES ('companystructure',1,'AEDSPI');
INSERT INTO `sirtet_ugrights` (`TableName`,`GroupID`,`AccessMask`) VALUES ('companystructure',3,'ESP');
INSERT INTO `sirtet_ugrights` (`TableName`,`GroupID`,`AccessMask`) VALUES ('companystructure',4,'SP');
INSERT INTO `sirtet_ugrights` (`TableName`,`GroupID`,`AccessMask`) VALUES ('contracts',-1,'ADESPIM');
INSERT INTO `sirtet_ugrights` (`TableName`,`GroupID`,`AccessMask`) VALUES ('contracts',1,'AEDSPI');
INSERT INTO `sirtet_ugrights` (`TableName`,`GroupID`,`AccessMask`) VALUES ('contracts',3,'ESP');
INSERT INTO `sirtet_ugrights` (`TableName`,`GroupID`,`AccessMask`) VALUES ('contracts',4,'SP');
INSERT INTO `sirtet_ugrights` (`TableName`,`GroupID`,`AccessMask`) VALUES ('contracts',6,'AEDSPI');
INSERT INTO `sirtet_ugrights` (`TableName`,`GroupID`,`AccessMask`) VALUES ('costplan',-1,'AEDSPI');
INSERT INTO `sirtet_ugrights` (`TableName`,`GroupID`,`AccessMask`) VALUES ('directory',-1,'AESPI');
INSERT INTO `sirtet_ugrights` (`TableName`,`GroupID`,`AccessMask`) VALUES ('documenttemplates',-1,'ADESPIM');
INSERT INTO `sirtet_ugrights` (`TableName`,`GroupID`,`AccessMask`) VALUES ('documenttemplates',1,'AEDSPI');
INSERT INTO `sirtet_ugrights` (`TableName`,`GroupID`,`AccessMask`) VALUES ('documenttemplates',3,'ESP');
INSERT INTO `sirtet_ugrights` (`TableName`,`GroupID`,`AccessMask`) VALUES ('documenttemplates',4,'SP');
INSERT INTO `sirtet_ugrights` (`TableName`,`GroupID`,`AccessMask`) VALUES ('documenttemplates',6,'SP');
INSERT INTO `sirtet_ugrights` (`TableName`,`GroupID`,`AccessMask`) VALUES ('doorandironmongery',-1,'ADESPIM');
INSERT INTO `sirtet_ugrights` (`TableName`,`GroupID`,`AccessMask`) VALUES ('doorandironmongery',1,'AEDSPI');
INSERT INTO `sirtet_ugrights` (`TableName`,`GroupID`,`AccessMask`) VALUES ('doorandironmongery',3,'ESP');
INSERT INTO `sirtet_ugrights` (`TableName`,`GroupID`,`AccessMask`) VALUES ('doorandironmongery',4,'SP');
INSERT INTO `sirtet_ugrights` (`TableName`,`GroupID`,`AccessMask`) VALUES ('drawings',-1,'ADESPIM');
INSERT INTO `sirtet_ugrights` (`TableName`,`GroupID`,`AccessMask`) VALUES ('drawings',1,'AEDSPI');
INSERT INTO `sirtet_ugrights` (`TableName`,`GroupID`,`AccessMask`) VALUES ('drawings',3,'ESP');
INSERT INTO `sirtet_ugrights` (`TableName`,`GroupID`,`AccessMask`) VALUES ('drawings',4,'SP');
INSERT INTO `sirtet_ugrights` (`TableName`,`GroupID`,`AccessMask`) VALUES ('evironmentalcossh',-1,'ADESPIM');
INSERT INTO `sirtet_ugrights` (`TableName`,`GroupID`,`AccessMask`) VALUES ('evironmentalcossh',1,'AEDSPI');
INSERT INTO `sirtet_ugrights` (`TableName`,`GroupID`,`AccessMask`) VALUES ('evironmentalcossh',3,'ESP');
INSERT INTO `sirtet_ugrights` (`TableName`,`GroupID`,`AccessMask`) VALUES ('evironmentalcossh',4,'SP');
INSERT INTO `sirtet_ugrights` (`TableName`,`GroupID`,`AccessMask`) VALUES ('evironmentalcossh',6,'SP');
INSERT INTO `sirtet_ugrights` (`TableName`,`GroupID`,`AccessMask`) VALUES ('finalaccounts',-1,'AEDSPI');
INSERT INTO `sirtet_ugrights` (`TableName`,`GroupID`,`AccessMask`) VALUES ('finalcontracts',-1,'ADESPIM');
INSERT INTO `sirtet_ugrights` (`TableName`,`GroupID`,`AccessMask`) VALUES ('finalcontracts',1,'AEDSPI');
INSERT INTO `sirtet_ugrights` (`TableName`,`GroupID`,`AccessMask`) VALUES ('finalcontracts',3,'ESP');
INSERT INTO `sirtet_ugrights` (`TableName`,`GroupID`,`AccessMask`) VALUES ('finalcontracts',4,'SP');
INSERT INTO `sirtet_ugrights` (`TableName`,`GroupID`,`AccessMask`) VALUES ('finalcontracts',6,'AEDSPI');
INSERT INTO `sirtet_ugrights` (`TableName`,`GroupID`,`AccessMask`) VALUES ('floorfinishesschedule',-1,'ADESPIM');
INSERT INTO `sirtet_ugrights` (`TableName`,`GroupID`,`AccessMask`) VALUES ('floorfinishesschedule',1,'AEDSPI');
INSERT INTO `sirtet_ugrights` (`TableName`,`GroupID`,`AccessMask`) VALUES ('floorfinishesschedule',3,'ESP');
INSERT INTO `sirtet_ugrights` (`TableName`,`GroupID`,`AccessMask`) VALUES ('floorfinishesschedule',4,'SP');
INSERT INTO `sirtet_ugrights` (`TableName`,`GroupID`,`AccessMask`) VALUES ('furniture',-1,'ADESPIM');
INSERT INTO `sirtet_ugrights` (`TableName`,`GroupID`,`AccessMask`) VALUES ('furniture',1,'AEDSPI');
INSERT INTO `sirtet_ugrights` (`TableName`,`GroupID`,`AccessMask`) VALUES ('furniture',3,'ESP');
INSERT INTO `sirtet_ugrights` (`TableName`,`GroupID`,`AccessMask`) VALUES ('furniture',4,'SP');
INSERT INTO `sirtet_ugrights` (`TableName`,`GroupID`,`AccessMask`) VALUES ('handoverandcompletioncertificates',-1,'AEDSPI');
INSERT INTO `sirtet_ugrights` (`TableName`,`GroupID`,`AccessMask`) VALUES ('healthandsafetyaudits',-1,'ADESPIM');
INSERT INTO `sirtet_ugrights` (`TableName`,`GroupID`,`AccessMask`) VALUES ('healthandsafetyaudits',1,'AEDSPI');
INSERT INTO `sirtet_ugrights` (`TableName`,`GroupID`,`AccessMask`) VALUES ('healthandsafetyaudits',3,'ESP');
INSERT INTO `sirtet_ugrights` (`TableName`,`GroupID`,`AccessMask`) VALUES ('healthandsafetyaudits',4,'SP');
INSERT INTO `sirtet_ugrights` (`TableName`,`GroupID`,`AccessMask`) VALUES ('healthandsafetyinspectionreports',-1,'ADESPIM');
INSERT INTO `sirtet_ugrights` (`TableName`,`GroupID`,`AccessMask`) VALUES ('healthandsafetyinspectionreports',1,'AEDSPI');
INSERT INTO `sirtet_ugrights` (`TableName`,`GroupID`,`AccessMask`) VALUES ('healthandsafetyinspectionreports',3,'ESP');
INSERT INTO `sirtet_ugrights` (`TableName`,`GroupID`,`AccessMask`) VALUES ('healthandsafetyinspectionreports',4,'SP');
INSERT INTO `sirtet_ugrights` (`TableName`,`GroupID`,`AccessMask`) VALUES ('healthandsafetyphaseplan',-1,'ADESPIM');
INSERT INTO `sirtet_ugrights` (`TableName`,`GroupID`,`AccessMask`) VALUES ('healthandsafetyphaseplan',1,'AEDSPI');
INSERT INTO `sirtet_ugrights` (`TableName`,`GroupID`,`AccessMask`) VALUES ('healthandsafetyphaseplan',3,'ESP');
INSERT INTO `sirtet_ugrights` (`TableName`,`GroupID`,`AccessMask`) VALUES ('healthandsafetyphaseplan',4,'SP');
INSERT INTO `sirtet_ugrights` (`TableName`,`GroupID`,`AccessMask`) VALUES ('incomingtenders',-1,'AEDSPI');
INSERT INTO `sirtet_ugrights` (`TableName`,`GroupID`,`AccessMask`) VALUES ('job',-1,'ADESPIM');
INSERT INTO `sirtet_ugrights` (`TableName`,`GroupID`,`AccessMask`) VALUES ('job',1,'AEDSPI');
INSERT INTO `sirtet_ugrights` (`TableName`,`GroupID`,`AccessMask`) VALUES ('job',3,'ESP');
INSERT INTO `sirtet_ugrights` (`TableName`,`GroupID`,`AccessMask`) VALUES ('job',4,'SP');
INSERT INTO `sirtet_ugrights` (`TableName`,`GroupID`,`AccessMask`) VALUES ('job',5,'M');
INSERT INTO `sirtet_ugrights` (`TableName`,`GroupID`,`AccessMask`) VALUES ('job',6,'SP');
INSERT INTO `sirtet_ugrights` (`TableName`,`GroupID`,`AccessMask`) VALUES ('keyhregister',-1,'ADESPIM');
INSERT INTO `sirtet_ugrights` (`TableName`,`GroupID`,`AccessMask`) VALUES ('keyhregister',1,'AEDSPI');
INSERT INTO `sirtet_ugrights` (`TableName`,`GroupID`,`AccessMask`) VALUES ('keyhregister',3,'ESP');
INSERT INTO `sirtet_ugrights` (`TableName`,`GroupID`,`AccessMask`) VALUES ('keyhregister',4,'SP');
INSERT INTO `sirtet_ugrights` (`TableName`,`GroupID`,`AccessMask`) VALUES ('letterofintent',-1,'AEDSPI');
INSERT INTO `sirtet_ugrights` (`TableName`,`GroupID`,`AccessMask`) VALUES ('lookup',-1,'ADESPIM');
INSERT INTO `sirtet_ugrights` (`TableName`,`GroupID`,`AccessMask`) VALUES ('lookup',1,'AEDSPI');
INSERT INTO `sirtet_ugrights` (`TableName`,`GroupID`,`AccessMask`) VALUES ('lookup',3,'ESP');
INSERT INTO `sirtet_ugrights` (`TableName`,`GroupID`,`AccessMask`) VALUES ('lookup',4,'SP');
INSERT INTO `sirtet_ugrights` (`TableName`,`GroupID`,`AccessMask`) VALUES ('meetingminutes',-1,'ADESPIM');
INSERT INTO `sirtet_ugrights` (`TableName`,`GroupID`,`AccessMask`) VALUES ('meetingminutes',1,'AEDSPI');
INSERT INTO `sirtet_ugrights` (`TableName`,`GroupID`,`AccessMask`) VALUES ('meetingminutes',3,'ESP');
INSERT INTO `sirtet_ugrights` (`TableName`,`GroupID`,`AccessMask`) VALUES ('meetingminutes',4,'SP');
INSERT INTO `sirtet_ugrights` (`TableName`,`GroupID`,`AccessMask`) VALUES ('news',-1,'ADESPIM');
INSERT INTO `sirtet_ugrights` (`TableName`,`GroupID`,`AccessMask`) VALUES ('news',1,'AEDSPI');
INSERT INTO `sirtet_ugrights` (`TableName`,`GroupID`,`AccessMask`) VALUES ('news',3,'ESP');
INSERT INTO `sirtet_ugrights` (`TableName`,`GroupID`,`AccessMask`) VALUES ('news',4,'SP');
INSERT INTO `sirtet_ugrights` (`TableName`,`GroupID`,`AccessMask`) VALUES ('orderform',-1,'AEDSPI');
INSERT INTO `sirtet_ugrights` (`TableName`,`GroupID`,`AccessMask`) VALUES ('outgoingtenders',-1,'AEDSPI');
INSERT INTO `sirtet_ugrights` (`TableName`,`GroupID`,`AccessMask`) VALUES ('ownersmanual',-1,'ADESPIM');
INSERT INTO `sirtet_ugrights` (`TableName`,`GroupID`,`AccessMask`) VALUES ('ownersmanual',1,'AEDSPI');
INSERT INTO `sirtet_ugrights` (`TableName`,`GroupID`,`AccessMask`) VALUES ('ownersmanual',3,'ESP');
INSERT INTO `sirtet_ugrights` (`TableName`,`GroupID`,`AccessMask`) VALUES ('ownersmanual',4,'SP');
INSERT INTO `sirtet_ugrights` (`TableName`,`GroupID`,`AccessMask`) VALUES ('ownersmanual',6,'ADESPIM');
INSERT INTO `sirtet_ugrights` (`TableName`,`GroupID`,`AccessMask`) VALUES ('peopletimesheet',-1,'ADESPIM');
INSERT INTO `sirtet_ugrights` (`TableName`,`GroupID`,`AccessMask`) VALUES ('peopletimesheet',1,'AEDSPI');
INSERT INTO `sirtet_ugrights` (`TableName`,`GroupID`,`AccessMask`) VALUES ('peopletimesheet',3,'ESP');
INSERT INTO `sirtet_ugrights` (`TableName`,`GroupID`,`AccessMask`) VALUES ('peopletimesheet',4,'SP');
INSERT INTO `sirtet_ugrights` (`TableName`,`GroupID`,`AccessMask`) VALUES ('permit',-1,'ADESPIM');
INSERT INTO `sirtet_ugrights` (`TableName`,`GroupID`,`AccessMask`) VALUES ('permit',1,'AEDSPI');
INSERT INTO `sirtet_ugrights` (`TableName`,`GroupID`,`AccessMask`) VALUES ('permit',3,'ESP');
INSERT INTO `sirtet_ugrights` (`TableName`,`GroupID`,`AccessMask`) VALUES ('permit',4,'SP');
INSERT INTO `sirtet_ugrights` (`TableName`,`GroupID`,`AccessMask`) VALUES ('precontracts',-1,'ADESPIM');
INSERT INTO `sirtet_ugrights` (`TableName`,`GroupID`,`AccessMask`) VALUES ('precontracts',1,'AEDSPI');
INSERT INTO `sirtet_ugrights` (`TableName`,`GroupID`,`AccessMask`) VALUES ('precontracts',3,'ESP');
INSERT INTO `sirtet_ugrights` (`TableName`,`GroupID`,`AccessMask`) VALUES ('precontracts',4,'SP');
INSERT INTO `sirtet_ugrights` (`TableName`,`GroupID`,`AccessMask`) VALUES ('precontracts',6,'AEDSPI');
INSERT INTO `sirtet_ugrights` (`TableName`,`GroupID`,`AccessMask`) VALUES ('procurement',-1,'AEDSPI');
INSERT INTO `sirtet_ugrights` (`TableName`,`GroupID`,`AccessMask`) VALUES ('progressreports',-1,'ADESPIM');
INSERT INTO `sirtet_ugrights` (`TableName`,`GroupID`,`AccessMask`) VALUES ('progressreports',1,'AEDSPI');
INSERT INTO `sirtet_ugrights` (`TableName`,`GroupID`,`AccessMask`) VALUES ('progressreports',3,'ESP');
INSERT INTO `sirtet_ugrights` (`TableName`,`GroupID`,`AccessMask`) VALUES ('progressreports',4,'SP');
INSERT INTO `sirtet_ugrights` (`TableName`,`GroupID`,`AccessMask`) VALUES ('purchaseorders',-1,'ADESPIM');
INSERT INTO `sirtet_ugrights` (`TableName`,`GroupID`,`AccessMask`) VALUES ('purchaseorders',1,'AEDSPI');
INSERT INTO `sirtet_ugrights` (`TableName`,`GroupID`,`AccessMask`) VALUES ('purchaseorders',3,'ESP');
INSERT INTO `sirtet_ugrights` (`TableName`,`GroupID`,`AccessMask`) VALUES ('purchaseorders',4,'SP');
INSERT INTO `sirtet_ugrights` (`TableName`,`GroupID`,`AccessMask`) VALUES ('quotationinstructions',-1,'ADESPIM');
INSERT INTO `sirtet_ugrights` (`TableName`,`GroupID`,`AccessMask`) VALUES ('quotationinstructions',1,'AEDSPI');
INSERT INTO `sirtet_ugrights` (`TableName`,`GroupID`,`AccessMask`) VALUES ('quotationinstructions',3,'ESP');
INSERT INTO `sirtet_ugrights` (`TableName`,`GroupID`,`AccessMask`) VALUES ('quotationinstructions',4,'SP');
INSERT INTO `sirtet_ugrights` (`TableName`,`GroupID`,`AccessMask`) VALUES ('rams',-1,'ADESPIM');
INSERT INTO `sirtet_ugrights` (`TableName`,`GroupID`,`AccessMask`) VALUES ('rams',1,'AEDSPI');
INSERT INTO `sirtet_ugrights` (`TableName`,`GroupID`,`AccessMask`) VALUES ('rams',3,'ESP');
INSERT INTO `sirtet_ugrights` (`TableName`,`GroupID`,`AccessMask`) VALUES ('rams',4,'SP');
INSERT INTO `sirtet_ugrights` (`TableName`,`GroupID`,`AccessMask`) VALUES ('requestsandinstructions',-1,'ADESPIM');
INSERT INTO `sirtet_ugrights` (`TableName`,`GroupID`,`AccessMask`) VALUES ('requestsandinstructions',1,'AEDSPI');
INSERT INTO `sirtet_ugrights` (`TableName`,`GroupID`,`AccessMask`) VALUES ('requestsandinstructions',3,'ESP');
INSERT INTO `sirtet_ugrights` (`TableName`,`GroupID`,`AccessMask`) VALUES ('requestsandinstructions',4,'SP');
INSERT INTO `sirtet_ugrights` (`TableName`,`GroupID`,`AccessMask`) VALUES ('rfis',-1,'ADESPIM');
INSERT INTO `sirtet_ugrights` (`TableName`,`GroupID`,`AccessMask`) VALUES ('rfis',1,'AEDSPI');
INSERT INTO `sirtet_ugrights` (`TableName`,`GroupID`,`AccessMask`) VALUES ('rfis',3,'ESP');
INSERT INTO `sirtet_ugrights` (`TableName`,`GroupID`,`AccessMask`) VALUES ('rfis',4,'SP');
INSERT INTO `sirtet_ugrights` (`TableName`,`GroupID`,`AccessMask`) VALUES ('rubbishremoval',-1,'ADESPIM');
INSERT INTO `sirtet_ugrights` (`TableName`,`GroupID`,`AccessMask`) VALUES ('rubbishremoval',1,'AEDSPI');
INSERT INTO `sirtet_ugrights` (`TableName`,`GroupID`,`AccessMask`) VALUES ('rubbishremoval',3,'ESP');
INSERT INTO `sirtet_ugrights` (`TableName`,`GroupID`,`AccessMask`) VALUES ('rubbishremoval',4,'SP');
INSERT INTO `sirtet_ugrights` (`TableName`,`GroupID`,`AccessMask`) VALUES ('samplesandvisuals',-1,'ADESPIM');
INSERT INTO `sirtet_ugrights` (`TableName`,`GroupID`,`AccessMask`) VALUES ('samplesandvisuals',1,'AEDSPI');
INSERT INTO `sirtet_ugrights` (`TableName`,`GroupID`,`AccessMask`) VALUES ('samplesandvisuals',3,'ESP');
INSERT INTO `sirtet_ugrights` (`TableName`,`GroupID`,`AccessMask`) VALUES ('samplesandvisuals',4,'SP');
INSERT INTO `sirtet_ugrights` (`TableName`,`GroupID`,`AccessMask`) VALUES ('secretarial',-1,'AEDSPI');
INSERT INTO `sirtet_ugrights` (`TableName`,`GroupID`,`AccessMask`) VALUES ('signinregister',-1,'ADESPIM');
INSERT INTO `sirtet_ugrights` (`TableName`,`GroupID`,`AccessMask`) VALUES ('signinregister',1,'AEDSPI');
INSERT INTO `sirtet_ugrights` (`TableName`,`GroupID`,`AccessMask`) VALUES ('signinregister',3,'ESP');
INSERT INTO `sirtet_ugrights` (`TableName`,`GroupID`,`AccessMask`) VALUES ('signinregister',4,'SP');
INSERT INTO `sirtet_ugrights` (`TableName`,`GroupID`,`AccessMask`) VALUES ('siteinduction',-1,'ADESPIM');
INSERT INTO `sirtet_ugrights` (`TableName`,`GroupID`,`AccessMask`) VALUES ('siteinduction',1,'AEDSPI');
INSERT INTO `sirtet_ugrights` (`TableName`,`GroupID`,`AccessMask`) VALUES ('siteinduction',3,'ESP');
INSERT INTO `sirtet_ugrights` (`TableName`,`GroupID`,`AccessMask`) VALUES ('siteinduction',4,'SP');
INSERT INTO `sirtet_ugrights` (`TableName`,`GroupID`,`AccessMask`) VALUES ('siteinstructionsandvariations',-1,'ADESPIM');
INSERT INTO `sirtet_ugrights` (`TableName`,`GroupID`,`AccessMask`) VALUES ('siteinstructionsandvariations',1,'AEDSPI');
INSERT INTO `sirtet_ugrights` (`TableName`,`GroupID`,`AccessMask`) VALUES ('siteinstructionsandvariations',3,'ESP');
INSERT INTO `sirtet_ugrights` (`TableName`,`GroupID`,`AccessMask`) VALUES ('siteinstructionsandvariations',4,'SP');
INSERT INTO `sirtet_ugrights` (`TableName`,`GroupID`,`AccessMask`) VALUES ('siteprogressphotos',-1,'ADESPIM');
INSERT INTO `sirtet_ugrights` (`TableName`,`GroupID`,`AccessMask`) VALUES ('siteprogressphotos',1,'AEDSPI');
INSERT INTO `sirtet_ugrights` (`TableName`,`GroupID`,`AccessMask`) VALUES ('siteprogressphotos',3,'ESP');
INSERT INTO `sirtet_ugrights` (`TableName`,`GroupID`,`AccessMask`) VALUES ('siteprogressphotos',4,'SP');
INSERT INTO `sirtet_ugrights` (`TableName`,`GroupID`,`AccessMask`) VALUES ('sitesetup',-1,'ADESPIM');
INSERT INTO `sirtet_ugrights` (`TableName`,`GroupID`,`AccessMask`) VALUES ('sitesetup',1,'AEDSPI');
INSERT INTO `sirtet_ugrights` (`TableName`,`GroupID`,`AccessMask`) VALUES ('sitesetup',3,'ESP');
INSERT INTO `sirtet_ugrights` (`TableName`,`GroupID`,`AccessMask`) VALUES ('sitesetup',4,'SP');
INSERT INTO `sirtet_ugrights` (`TableName`,`GroupID`,`AccessMask`) VALUES ('ska',-1,'ADESPIM');
INSERT INTO `sirtet_ugrights` (`TableName`,`GroupID`,`AccessMask`) VALUES ('ska',1,'AEDSPI');
INSERT INTO `sirtet_ugrights` (`TableName`,`GroupID`,`AccessMask`) VALUES ('ska',3,'ESP');
INSERT INTO `sirtet_ugrights` (`TableName`,`GroupID`,`AccessMask`) VALUES ('ska',4,'SP');
INSERT INTO `sirtet_ugrights` (`TableName`,`GroupID`,`AccessMask`) VALUES ('ska',6,'SP');
INSERT INTO `sirtet_ugrights` (`TableName`,`GroupID`,`AccessMask`) VALUES ('skillscertificates',-1,'AEDSPI');
INSERT INTO `sirtet_ugrights` (`TableName`,`GroupID`,`AccessMask`) VALUES ('skillscertificates',1,'AEDSPI');
INSERT INTO `sirtet_ugrights` (`TableName`,`GroupID`,`AccessMask`) VALUES ('skillscertificates',3,'ESP');
INSERT INTO `sirtet_ugrights` (`TableName`,`GroupID`,`AccessMask`) VALUES ('skillscertificates',4,'SP');
INSERT INTO `sirtet_ugrights` (`TableName`,`GroupID`,`AccessMask`) VALUES ('snagging',-1,'ADESPIM');
INSERT INTO `sirtet_ugrights` (`TableName`,`GroupID`,`AccessMask`) VALUES ('snagging',1,'AEDSPI');
INSERT INTO `sirtet_ugrights` (`TableName`,`GroupID`,`AccessMask`) VALUES ('snagging',3,'ESP');
INSERT INTO `sirtet_ugrights` (`TableName`,`GroupID`,`AccessMask`) VALUES ('snagging',4,'SP');
INSERT INTO `sirtet_ugrights` (`TableName`,`GroupID`,`AccessMask`) VALUES ('specifications',-1,'ADESPIM');
INSERT INTO `sirtet_ugrights` (`TableName`,`GroupID`,`AccessMask`) VALUES ('specifications',1,'AEDSPI');
INSERT INTO `sirtet_ugrights` (`TableName`,`GroupID`,`AccessMask`) VALUES ('specifications',3,'ESP');
INSERT INTO `sirtet_ugrights` (`TableName`,`GroupID`,`AccessMask`) VALUES ('specifications',4,'SP');
INSERT INTO `sirtet_ugrights` (`TableName`,`GroupID`,`AccessMask`) VALUES ('suppliers',-1,'ADESPIM');
INSERT INTO `sirtet_ugrights` (`TableName`,`GroupID`,`AccessMask`) VALUES ('suppliers',1,'AEDSPI');
INSERT INTO `sirtet_ugrights` (`TableName`,`GroupID`,`AccessMask`) VALUES ('suppliers',3,'ESP');
INSERT INTO `sirtet_ugrights` (`TableName`,`GroupID`,`AccessMask`) VALUES ('suppliers',4,'SP');
INSERT INTO `sirtet_ugrights` (`TableName`,`GroupID`,`AccessMask`) VALUES ('survey',-1,'ADESPIM');
INSERT INTO `sirtet_ugrights` (`TableName`,`GroupID`,`AccessMask`) VALUES ('survey',1,'AEDSPI');
INSERT INTO `sirtet_ugrights` (`TableName`,`GroupID`,`AccessMask`) VALUES ('survey',3,'ESP');
INSERT INTO `sirtet_ugrights` (`TableName`,`GroupID`,`AccessMask`) VALUES ('survey',4,'SP');
INSERT INTO `sirtet_ugrights` (`TableName`,`GroupID`,`AccessMask`) VALUES ('timelaps',-1,'ADESPIM');
INSERT INTO `sirtet_ugrights` (`TableName`,`GroupID`,`AccessMask`) VALUES ('timelaps',1,'AEDSPI');
INSERT INTO `sirtet_ugrights` (`TableName`,`GroupID`,`AccessMask`) VALUES ('timelaps',3,'ESP');
INSERT INTO `sirtet_ugrights` (`TableName`,`GroupID`,`AccessMask`) VALUES ('timelaps',4,'SP');
INSERT INTO `sirtet_ugrights` (`TableName`,`GroupID`,`AccessMask`) VALUES ('toolboxtalks',-1,'ADESPIM');
INSERT INTO `sirtet_ugrights` (`TableName`,`GroupID`,`AccessMask`) VALUES ('toolboxtalks',1,'AEDSPI');
INSERT INTO `sirtet_ugrights` (`TableName`,`GroupID`,`AccessMask`) VALUES ('toolboxtalks',3,'ESP');
INSERT INTO `sirtet_ugrights` (`TableName`,`GroupID`,`AccessMask`) VALUES ('toolboxtalks',4,'SP');
INSERT INTO `sirtet_ugrights` (`TableName`,`GroupID`,`AccessMask`) VALUES ('users',-1,'ADESPIM');
INSERT INTO `sirtet_ugrights` (`TableName`,`GroupID`,`AccessMask`) VALUES ('users',1,'AEDSPI');
INSERT INTO `sirtet_ugrights` (`TableName`,`GroupID`,`AccessMask`) VALUES ('users',3,'ESP');
INSERT INTO `sirtet_ugrights` (`TableName`,`GroupID`,`AccessMask`) VALUES ('users',4,'SP');
INSERT INTO `sirtet_ugrights` (`TableName`,`GroupID`,`AccessMask`) VALUES ('users_emailList',-1,'ADESPIM');
INSERT INTO `sirtet_ugrights` (`TableName`,`GroupID`,`AccessMask`) VALUES ('users_emailList',1,'ASPI');
INSERT INTO `sirtet_ugrights` (`TableName`,`GroupID`,`AccessMask`) VALUES ('users_emailList',3,'SP');
INSERT INTO `sirtet_ugrights` (`TableName`,`GroupID`,`AccessMask`) VALUES ('users_emailList',4,'SP');
INSERT INTO `sirtet_ugrights` (`TableName`,`GroupID`,`AccessMask`) VALUES ('users_emailList',6,'SP');
SET FOREIGN_KEY_CHECKS = 1;
SET FOREIGN_KEY_CHECKS = 0;
INSERT INTO `siteinduction` (`ID`,`JobID`,`Files`,`LastEditedOn`,`LastEditedBy`,`Type`,`Template`,`SendEmailTo`,`EmailNote`,`CertificateSMSTS`,`CertificateSMSTSExpiry`,`CertificateFirstAid`,`CertificateFirstAidExpiry`,`CertificateCSCS`,`CertificateCSCSExpiry`,`PersonNameAndSurname`,`DateOfInduction`) VALUES (1,1,'[{"name":"files\\/qrcode (1)_e0nu3as0.php","usrName":"qrcode (1).php","size":22761,"type":"application\\/octet-stream","searchStr":"qrcode (1).php,!:sStrEnd"}]','2015-10-08 10:38:36','admin','Visitors',NULL,'tony@tbs-online.co.za','test','[{"name":"files\\/qrcode (1)_3heovo1o.php","usrName":"qrcode (1).php","size":22761,"type":"application\\/octet-stream","searchStr":"qrcode (1).php,!:sStrEnd"}]','2015-10-08 00:00:00','[{"name":"files\\/qrcode (1)_4dmvq9qi.php","usrName":"qrcode (1).php","size":22761,"type":"application\\/octet-stream","searchStr":"qrcode (1).php,!:sStrEnd"}]','2015-10-08 00:00:00','[{"name":"files\\/qrcode (1)_zt9ybbyv.php","usrName":"qrcode (1).php","size":22761,"type":"application\\/octet-stream","searchStr":"qrcode (1).php,!qrcode (4).php,!:sStrEnd"},{"name":"files\\/qrcode (4)_8qjg2xx8.php","usrName":"qrcode (4).php","size":22761,"type":"application\\/octet-stream"}]','2015-10-08 00:00:00','tony',NULL);
SET FOREIGN_KEY_CHECKS = 1;
SET FOREIGN_KEY_CHECKS = 0;
INSERT INTO `ska` (`ID`,`JobID`,`Type`,`Files`,`Template`,`LastEditedBy`,`LastEditedOn`,`SendEmailTo`,`EmailNote`) VALUES (1,1,'SKA Template','',NULL,'admin','2015-10-29 09:46:40','','');
SET FOREIGN_KEY_CHECKS = 1;
SET FOREIGN_KEY_CHECKS = 0;
INSERT INTO `skillscertificates` (`ID`,`Type`,`Files`,`LastEditedBy`,`LastEditedOn`,`SendEmailTo`,`EmailNote`,`ExpiryDate`,`WorkerType`,`WorkerName`,`CompanyName`) VALUES (1,'Manual Handling','[{"name":"files\\/Sirtet Folder template_qre6xnlg.xls","usrName":"Sirtet Folder template (1).xls","size":1823232,"type":"application\\/vnd.ms-excel","searchStr":"Sirtet Folder template (1).xls,!:sStrEnd"}]','admin','2015-10-29 10:54:42','','','2015-10-28 00:00:00','Contractor','tony19760619@gmail.com','Sirtet');
INSERT INTO `skillscertificates` (`ID`,`Type`,`Files`,`LastEditedBy`,`LastEditedOn`,`SendEmailTo`,`EmailNote`,`ExpiryDate`,`WorkerType`,`WorkerName`,`CompanyName`) VALUES (2,'CORGI','[{"name":"files\\/SIT-F03 Site Filing_blau85tb.xls","usrName":"SIT-F03 Site Filing.xls","size":1821696,"type":"application\\/vnd.ms-excel","searchStr":"SIT-F03 Site Filing.xls,!:sStrEnd"}]','admin','2015-10-20 15:59:50','','','2015-09-29 00:00:00','Contractor','admin','TBS');
SET FOREIGN_KEY_CHECKS = 1;
SET FOREIGN_KEY_CHECKS = 0;
INSERT INTO `snagging` (`ID`,`JobID`,`Type`,`Files`,`Template`,`LastEditedBy`,`LastEditedOn`,`SendEmailTo`,`EmailNote`,`UpdateAndComplete`) VALUES (1,1,'Snagging Template','',NULL,'admin','2015-10-28 14:55:21','','','Complete');
SET FOREIGN_KEY_CHECKS = 1;
SET FOREIGN_KEY_CHECKS = 0;
INSERT INTO `specifications` (`ID`,`JobID`,`Type`,`Files`,`LastEditedBy`,`Template`,`LastEditedOn`,`SendEmailTo`,`EmailNote`) VALUES (1,1,'Specifications','','admin',NULL,'2015-10-29 06:22:33','','');
SET FOREIGN_KEY_CHECKS = 1;
SET FOREIGN_KEY_CHECKS = 0;
INSERT INTO `survey` (`ID`,`JobID`,`Type`,`Template`,`Files`,`LastEditedBy`,`LastEditedOn`,`SendEmailTo`,`EmailNote`,`SubType`) VALUES (1,1,'surv1',NULL,'','admin','2015-10-29 06:22:01','','','surv01');
SET FOREIGN_KEY_CHECKS = 1;
SET FOREIGN_KEY_CHECKS = 0;
INSERT INTO `timelaps` (`ID`,`JobID`,`Files`,`LastEditedBy`,`LastEditedOn`,`SendEmailTo`,`EmailNote`,`Type`,`Template`) VALUES (1,1,'','admin','2015-10-29 06:21:24','','','Default',NULL);
SET FOREIGN_KEY_CHECKS = 1;
SET FOREIGN_KEY_CHECKS = 0;
INSERT INTO `users` (`ID`,`username`,`password`,`email`,`fullname`,`active`,`FirstName`,`Surname`,`Company`,`Roles`,`Type`,`Status`,`Barcode`,`LastEditedOn`,`LoginCount`,`JobID`,`LastEditedBy`,`DefaultCompanyContact`,`MobileNumber`) VALUES (1,'admin','admin','tony@tbs-online.co.za','Admin Pompies',1,'Admin','Pompies','TBS','Project Manager,Construction Manager,Site Manager,Health And Safety Manager,Contract Manager','Contractor','Appointed','Admin\r\nPompies\r\nTBS\r\n','2015-08-26 03:00:32',0,NULL,'admin',0,NULL);
INSERT INTO `users` (`ID`,`username`,`password`,`email`,`fullname`,`active`,`FirstName`,`Surname`,`Company`,`Roles`,`Type`,`Status`,`Barcode`,`LastEditedOn`,`LoginCount`,`JobID`,`LastEditedBy`,`DefaultCompanyContact`,`MobileNumber`) VALUES (2,'Morne.Bronkhorst','123654','mornb4@hotmail.com','Morne Bronkhorst',1,'Morne','Bronkhorst','Sirtet','Project Manager,Designer,Office Admin','Staff','Employed','Morne Bronkhorst\r\nSirtet\r\n','2015-10-27 11:25:50',0,NULL,'admin',0,NULL);
INSERT INTO `users` (`ID`,`username`,`password`,`email`,`fullname`,`active`,`FirstName`,`Surname`,`Company`,`Roles`,`Type`,`Status`,`Barcode`,`LastEditedOn`,`LoginCount`,`JobID`,`LastEditedBy`,`DefaultCompanyContact`,`MobileNumber`) VALUES (3,'Tony.Silva','123123','tony19760619@gmail.com','Tony Silva',1,'Tony','Silva','Sirtet','Project Manager,Health And Safety Manager,Designer','Contractor','Appointed','Tony Silva\r\nSirtet\r\n','2015-10-27 12:29:44',0,NULL,'admin',0,NULL);
INSERT INTO `users` (`ID`,`username`,`password`,`email`,`fullname`,`active`,`FirstName`,`Surname`,`Company`,`Roles`,`Type`,`Status`,`Barcode`,`LastEditedOn`,`LoginCount`,`JobID`,`LastEditedBy`,`DefaultCompanyContact`,`MobileNumber`) VALUES (4,'test1','test1','tony19760619@msn.com','test1',1,'test1','test1','test1','Project Manager','Contractor','','test1\r\ntest1\r\ntest1\r\n','2015-10-26 11:47:58',NULL,1,'admin',0,NULL);
INSERT INTO `users` (`ID`,`username`,`password`,`email`,`fullname`,`active`,`FirstName`,`Surname`,`Company`,`Roles`,`Type`,`Status`,`Barcode`,`LastEditedOn`,`LoginCount`,`JobID`,`LastEditedBy`,`DefaultCompanyContact`,`MobileNumber`) VALUES (5,'test2','test2','test2@test2.com','',1,'test2','test2','test2','Contract Manager','Consultant','Appointed','test2\r\ntest2\r\ntest2\r\n','2015-10-26 11:48:33',NULL,5,'admin',0,NULL);
SET FOREIGN_KEY_CHECKS = 1;
