<?xml version="1.0"?>
<operations>
	<operation type="CREATE_TABLE">
		<table>
			<name>jobsjobs</name>
			<type>0</type>
			<dbfields>
				<dbfield>
					<name>ID</name>
					<type>3</type>
					<size>11</size>
					<scale>0</scale>
					<typeName>int</typeName>
					<defaultValue></defaultValue>
					<nullable>0</nullable>
					<autoInc>1</autoInc>
					<charset></charset>
				</dbfield>
				<dbfield>
					<name>City</name>
					<type>200</type>
					<size>50</size>
					<scale>0</scale>
					<typeName>varchar</typeName>
					<defaultValue></defaultValue>
					<nullable>1</nullable>
					<autoInc>0</autoInc>
					<charset></charset>
				</dbfield>
				<dbfield>
					<name>Company</name>
					<type>200</type>
					<size>50</size>
					<scale>0</scale>
					<typeName>varchar</typeName>
					<defaultValue></defaultValue>
					<nullable>1</nullable>
					<autoInc>0</autoInc>
					<charset></charset>
				</dbfield>
				<dbfield>
					<name>Country</name>
					<type>200</type>
					<size>50</size>
					<scale>0</scale>
					<typeName>varchar</typeName>
					<defaultValue></defaultValue>
					<nullable>1</nullable>
					<autoInc>0</autoInc>
					<charset></charset>
				</dbfield>
				<dbfield>
					<name>DateAdded</name>
					<type>7</type>
					<size>0</size>
					<scale>0</scale>
					<typeName>date</typeName>
					<defaultValue></defaultValue>
					<nullable>1</nullable>
					<autoInc>0</autoInc>
					<charset></charset>
				</dbfield>
				<dbfield>
					<name>Description</name>
					<type>201</type>
					<size>0</size>
					<scale>0</scale>
					<typeName>longtext</typeName>
					<defaultValue></defaultValue>
					<nullable>1</nullable>
					<autoInc>0</autoInc>
					<charset></charset>
				</dbfield>
				<dbfield>
					<name>HowToApply</name>
					<type>201</type>
					<size>0</size>
					<scale>0</scale>
					<typeName>longtext</typeName>
					<defaultValue></defaultValue>
					<nullable>1</nullable>
					<autoInc>0</autoInc>
					<charset></charset>
				</dbfield>
				<dbfield>
					<name>LogoURL</name>
					<type>200</type>
					<size>100</size>
					<scale>0</scale>
					<typeName>varchar</typeName>
					<defaultValue></defaultValue>
					<nullable>1</nullable>
					<autoInc>0</autoInc>
					<charset></charset>
				</dbfield>
				<dbfield>
					<name>state</name>
					<type>200</type>
					<size>50</size>
					<scale>0</scale>
					<typeName>varchar</typeName>
					<defaultValue></defaultValue>
					<nullable>1</nullable>
					<autoInc>0</autoInc>
					<charset></charset>
				</dbfield>
				<dbfield>
					<name>Title</name>
					<type>200</type>
					<size>50</size>
					<scale>0</scale>
					<typeName>varchar</typeName>
					<defaultValue></defaultValue>
					<nullable>1</nullable>
					<autoInc>0</autoInc>
					<charset></charset>
				</dbfield>
				<dbfield>
					<name>TypeID</name>
					<type>3</type>
					<size>11</size>
					<scale>0</scale>
					<typeName>int</typeName>
					<defaultValue></defaultValue>
					<nullable>1</nullable>
					<autoInc>0</autoInc>
					<charset></charset>
				</dbfield>
				<dbfield>
					<name>Website</name>
					<type>200</type>
					<size>100</size>
					<scale>0</scale>
					<typeName>varchar</typeName>
					<defaultValue></defaultValue>
					<nullable>1</nullable>
					<autoInc>0</autoInc>
					<charset></charset>
				</dbfield>
				<dbfield>
					<name>Zip</name>
					<type>200</type>
					<size>50</size>
					<scale>0</scale>
					<typeName>varchar</typeName>
					<defaultValue></defaultValue>
					<nullable>1</nullable>
					<autoInc>0</autoInc>
					<charset></charset>
				</dbfield>
			</dbfields>
			<dbkeys>
				<dbkey>ID</dbkey>
			</dbkeys>
			<dbfkeys />
			<pbclean>0</pbclean>
		</table>
	</operation>
	<operation type="INSERT_RECORD">
		<tablename>jobsjobs</tablename>
		<records>
			<names>
				<colname>ID</colname>
				<colname>City</colname>
				<colname>Company</colname>
				<colname>Country</colname>
				<colname>DateAdded</colname>
				<colname>Description</colname>
				<colname>HowToApply</colname>
				<colname>LogoURL</colname>
				<colname>state</colname>
				<colname>Title</colname>
				<colname>TypeID</colname>
				<colname>Website</colname>
				<colname>Zip</colname>
			</names>
			<types>
				<coltype>3</coltype>
				<coltype>200</coltype>
				<coltype>200</coltype>
				<coltype>200</coltype>
				<coltype>7</coltype>
				<coltype>201</coltype>
				<coltype>201</coltype>
				<coltype>200</coltype>
				<coltype>200</coltype>
				<coltype>200</coltype>
				<coltype>3</coltype>
				<coltype>200</coltype>
				<coltype>200</coltype>
			</types>
			<data>
				<record>
					<value>1</value>
					<value>Minneapolis</value>
					<value>CHRobinson</value>
					<value>USA</value>
					<value>2007-01-21</value>
					<value>Job Duties :rPrepare Feasibility and Profitability AnalysisrPrepare Long-Term Corporate ProjectionsrReview Proposals for New ProjectsrVerify Financial ProjectionsrrPurpose: To Assist the National Accounts finance/contracts and Sales finance organizations to generate reporting and provide analytics to Finance and Sales management.rrSummary of responsibilities: Organize and structure business information to identify specific risks and opportunities. Generate, analyze, communicate and resolve financial &amp;amp; contractual information/issues which impact operating performance. Provide financial &amp;amp; contractual business support to the field sales organization. Develop &amp;amp; communicate various customer reporting issues and obligations. Apply quantitative and qualitative factors, skills and business experience to arrive at meaningful business plan conclusions and recommendations. Utilize Business Objects, Microsoft excel and word to generate and communicate information.rrRequirements:r- 5-8 or more years of accounting and finance experience in various capacities/functionsr- Systems experience with SAP, CognosrPrimary Skills: Business Objects; Reporting; AnalyticsrrDegree Type: BArDegree Area: Finance or RelatedrExperience Minimum: 5 YearsrCertificates/Licenses:</value>
					<value>To submit a resume for this position, you must place PR55431/MB/TM34225MF1 in the subject line of your e-mail. Send your resumes to: Professional.jobs@manpower.com in text format. Do not send e-mail attachments.</value>
					<value>http://chrobinson.com/spashimages/tcl\_top\_head.jpg</value>
					<value>MN</value>
					<value>Financial Analyst</value>
					<value>55</value>
					<value>www.chrobinson.com</value>
					<value>55432</value>
				</record>
				<record>
					<value>2</value>
					<value>Bloomington</value>
					<value>BestBuy</value>
					<value>USA</value>
					<value>2007-03-27</value>
					<value>RESPONSIBILITIES-The Project Manager will be required to lead assigned IT projects and be responsible for delivering all required project management deliverables. As well as Project Management documentation (status report, executive summary, issue/risk logs, etc.) and all Project Methodology artifacts as required.rrrrRequirements:rProject Management experience a must.rIT Project Management is preferred. rExcellent organizational skills required, must be a self-starter with good problem solving abilities, excellent interpersonal communication skills. rrExperience with Merchandising Business is desired.rrVOLT is an equal opportunity employer offering competitive pay and enhanced benefits.rContact us today!!</value>
					<value>Email us at jobs@bestbuy.com</value>
					<value>http://images.bestbuy.com/BestBuy\_US/en\_US/images/global/hf/bby2/gl\_hdr\_bbylogo.gif</value>
					<value>MN</value>
					<value>Project Manager</value>
					<value>48</value>
					<value>http://careers.bestbuy.com</value>
					<value>55345</value>
				</record>
			</data>
		</records>
	</operation>
	<operation type="CREATE_TABLE">
		<table>
			<name>jobsjobtype</name>
			<type>0</type>
			<dbfields>
				<dbfield>
					<name>ID</name>
					<type>3</type>
					<size>11</size>
					<scale>0</scale>
					<typeName>int</typeName>
					<defaultValue></defaultValue>
					<nullable>0</nullable>
					<autoInc>1</autoInc>
					<charset></charset>
				</dbfield>
				<dbfield>
					<name>sType</name>
					<type>200</type>
					<size>100</size>
					<scale>0</scale>
					<typeName>varchar</typeName>
					<defaultValue></defaultValue>
					<nullable>1</nullable>
					<autoInc>0</autoInc>
					<charset></charset>
				</dbfield>
			</dbfields>
			<dbkeys>
				<dbkey>ID</dbkey>
			</dbkeys>
			<dbfkeys />
			<pbclean>0</pbclean>
		</table>
	</operation>
	<operation type="INSERT_RECORD">
		<tablename>jobsjobtype</tablename>
		<records>
			<names>
				<colname>ID</colname>
				<colname>sType</colname>
			</names>
			<types>
				<coltype>3</coltype>
				<coltype>200</coltype>
			</types>
			<data>
				<record>
					<value>1</value>
					<value>Accounting/Auditing</value>
				</record>
				<record>
					<value>2</value>
					<value>Administrative and Support Services</value>
				</record>
				<record>
					<value>3</value>
					<value>Advertising/Marketing/Public Relations</value>
				</record>
				<record>
					<value>4</value>
					<value>Aerospace/Aviation/Defense</value>
				</record>
				<record>
					<value>5</value>
					<value>Agriculture, Forestry, &amp;amp; Fishing</value>
				</record>
				<record>
					<value>6</value>
					<value>Airlines</value>
				</record>
				<record>
					<value>7</value>
					<value>Architectural Services</value>
				</record>
				<record>
					<value>8</value>
					<value>Arts, Entertainment, and Media</value>
				</record>
				<record>
					<value>9</value>
					<value>Automotive/Motor Vehicle/Parts</value>
				</record>
				<record>
					<value>10</value>
					<value>Banking</value>
				</record>
				<record>
					<value>11</value>
					<value>Biotechnology and Pharmaceutical</value>
				</record>
				<record>
					<value>12</value>
					<value>Building and Grounds Maintenance</value>
				</record>
				<record>
					<value>13</value>
					<value>Business Opportunity/Investment Required</value>
				</record>
				<record>
					<value>14</value>
					<value>Career Fairs</value>
				</record>
				<record>
					<value>15</value>
					<value>Computer Services</value>
				</record>
				<record>
					<value>16</value>
					<value>Computers, Hardware</value>
				</record>
				<record>
					<value>17</value>
					<value>Computers, Software</value>
				</record>
				<record>
					<value>18</value>
					<value>Construction, Mining and Trades</value>
				</record>
				<record>
					<value>19</value>
					<value>Consulting Services</value>
				</record>
				<record>
					<value>20</value>
					<value>Consumer Products</value>
				</record>
				<record>
					<value>21</value>
					<value>Customer Service and Call Center</value>
				</record>
				<record>
					<value>22</value>
					<value>Education, Training, and Library</value>
				</record>
				<record>
					<value>23</value>
					<value>Electronics</value>
				</record>
				<record>
					<value>24</value>
					<value>Employment Placement Agencies</value>
				</record>
				<record>
					<value>25</value>
					<value>Energy/Utilities</value>
				</record>
				<record>
					<value>26</value>
					<value>Engineering</value>
				</record>
				<record>
					<value>27</value>
					<value>Environmental Services</value>
				</record>
				<record>
					<value>28</value>
					<value>Executive Management</value>
				</record>
				<record>
					<value>29</value>
					<value>Finance/Economics</value>
				</record>
				<record>
					<value>30</value>
					<value>Financial Services</value>
				</record>
				<record>
					<value>31</value>
					<value>Government and Policy</value>
				</record>
				<record>
					<value>32</value>
					<value>Healthcare - Business Office &amp;amp; Finance</value>
				</record>
				<record>
					<value>33</value>
					<value>Healthcare - CNAs/Aides/MAs/Home Health</value>
				</record>
				<record>
					<value>34</value>
					<value>Healthcare - Laboratory/Pathology Services</value>
				</record>
				<record>
					<value>35</value>
					<value>Healthcare - LPNs &amp;amp; LVNs</value>
				</record>
				<record>
					<value>36</value>
					<value>Healthcare - Medical &amp;amp; Dental Practitioners</value>
				</record>
				<record>
					<value>37</value>
					<value>Healthcare - Medical Records, Health IT &amp;amp; Informatics</value>
				</record>
				<record>
					<value>38</value>
					<value>Healthcare - Optical</value>
				</record>
				<record>
					<value>39</value>
					<value>Healthcare - Other</value>
				</record>
				<record>
					<value>40</value>
					<value>Healthcare - Pharmacy</value>
				</record>
				<record>
					<value>41</value>
					<value>Healthcare - Radiology/Imaging</value>
				</record>
				<record>
					<value>42</value>
					<value>Healthcare - RNs &amp;amp; Nurse Management</value>
				</record>
				<record>
					<value>43</value>
					<value>Healthcare - Social Services/Mental Health</value>
				</record>
				<record>
					<value>44</value>
					<value>Healthcare - Support Services</value>
				</record>
				<record>
					<value>45</value>
					<value>Healthcare - Therapy/Rehab Services</value>
				</record>
				<record>
					<value>46</value>
					<value>Hospitality/Tourism</value>
				</record>
				<record>
					<value>47</value>
					<value>Human Resources/Recruiting</value>
				</record>
				<record>
					<value>48</value>
					<value>Information Technology</value>
				</record>
				<record>
					<value>49</value>
					<value>Installation, Maintenance, and Repair</value>
				</record>
				<record>
					<value>50</value>
					<value>Insurance</value>
				</record>
				<record>
					<value>51</value>
					<value>Internet/E-Commerce</value>
				</record>
				<record>
					<value>52</value>
					<value>Law Enforcement/Security Srvs</value>
				</record>
				<record>
					<value>53</value>
					<value>Legal</value>
				</record>
				<record>
					<value>54</value>
					<value>Manufacturing and Production</value>
				</record>
				<record>
					<value>55</value>
					<value>Military</value>
				</record>
				<record>
					<value>56</value>
					<value>Nonprofit</value>
				</record>
				<record>
					<value>57</value>
					<value>Operations Management</value>
				</record>
				<record>
					<value>58</value>
					<value>Other</value>
				</record>
				<record>
					<value>59</value>
					<value>Personal Care and Service</value>
				</record>
				<record>
					<value>60</value>
					<value>Product Management</value>
				</record>
				<record>
					<value>61</value>
					<value>Project/Program Management</value>
				</record>
				<record>
					<value>62</value>
					<value>Publishing/Printing</value>
				</record>
				<record>
					<value>63</value>
					<value>Purchasing</value>
				</record>
				<record>
					<value>64</value>
					<value>Real Estate/Mortgage</value>
				</record>
				<record>
					<value>65</value>
					<value>Research &amp;amp; Development</value>
				</record>
				<record>
					<value>66</value>
					<value>Restaurant and Food Service</value>
				</record>
				<record>
					<value>67</value>
					<value>Retail/Wholesale</value>
				</record>
				<record>
					<value>68</value>
					<value>Sales</value>
				</record>
				<record>
					<value>69</value>
					<value>Sales - Account Management</value>
				</record>
				<record>
					<value>70</value>
					<value>Sales - Telemarketing</value>
				</record>
				<record>
					<value>71</value>
					<value>Sales - Work at Home/Commission Only</value>
				</record>
				<record>
					<value>72</value>
					<value>Science</value>
				</record>
				<record>
					<value>73</value>
					<value>Sports and Recreation/Fitness</value>
				</record>
				<record>
					<value>74</value>
					<value>Supply Chain/Logistics</value>
				</record>
				<record>
					<value>75</value>
					<value>Telecommunications</value>
				</record>
				<record>
					<value>76</value>
					<value>Textiles</value>
				</record>
				<record>
					<value>77</value>
					<value>Transportation and Warehousing</value>
				</record>
				<record>
					<value>78</value>
					<value>Veterinary Services</value>
				</record>
				<record>
					<value>79</value>
					<value>Waste Management Services </value>
				</record>
			</data>
		</records>
	</operation>
	<operation type="CREATE_TABLE">
		<table>
			<name>jobsstate</name>
			<type>0</type>
			<dbfields>
				<dbfield>
					<name>ID</name>
					<type>3</type>
					<size>11</size>
					<scale>0</scale>
					<typeName>int</typeName>
					<defaultValue></defaultValue>
					<nullable>0</nullable>
					<autoInc>1</autoInc>
					<charset></charset>
				</dbfield>
				<dbfield>
					<name>state</name>
					<type>200</type>
					<size>10</size>
					<scale>0</scale>
					<typeName>varchar</typeName>
					<defaultValue></defaultValue>
					<nullable>1</nullable>
					<autoInc>0</autoInc>
					<charset></charset>
				</dbfield>
			</dbfields>
			<dbkeys>
				<dbkey>ID</dbkey>
			</dbkeys>
			<dbfkeys />
			<pbclean>0</pbclean>
		</table>
	</operation>
	<operation type="INSERT_RECORD">
		<tablename>jobsstate</tablename>
		<records>
			<names>
				<colname>ID</colname>
				<colname>state</colname>
			</names>
			<types>
				<coltype>3</coltype>
				<coltype>200</coltype>
			</types>
			<data>
				<record>
					<value>1</value>
					<value>AL</value>
				</record>
				<record>
					<value>2</value>
					<value>AK</value>
				</record>
				<record>
					<value>3</value>
					<value>AZ</value>
				</record>
				<record>
					<value>4</value>
					<value>AR</value>
				</record>
				<record>
					<value>5</value>
					<value>CA</value>
				</record>
				<record>
					<value>6</value>
					<value>CO</value>
				</record>
				<record>
					<value>7</value>
					<value>CT</value>
				</record>
				<record>
					<value>8</value>
					<value>DE</value>
				</record>
				<record>
					<value>9</value>
					<value>FL</value>
				</record>
				<record>
					<value>10</value>
					<value>GA</value>
				</record>
				<record>
					<value>11</value>
					<value>HI</value>
				</record>
				<record>
					<value>12</value>
					<value>ID</value>
				</record>
				<record>
					<value>13</value>
					<value>IL</value>
				</record>
				<record>
					<value>14</value>
					<value>IN</value>
				</record>
				<record>
					<value>15</value>
					<value>IA</value>
				</record>
				<record>
					<value>16</value>
					<value>KS</value>
				</record>
				<record>
					<value>17</value>
					<value>KY</value>
				</record>
				<record>
					<value>18</value>
					<value>LA</value>
				</record>
				<record>
					<value>19</value>
					<value>ME</value>
				</record>
				<record>
					<value>20</value>
					<value>MD</value>
				</record>
				<record>
					<value>21</value>
					<value>MA</value>
				</record>
				<record>
					<value>22</value>
					<value>MI</value>
				</record>
				<record>
					<value>23</value>
					<value>MN</value>
				</record>
				<record>
					<value>24</value>
					<value>MS</value>
				</record>
				<record>
					<value>25</value>
					<value>MO</value>
				</record>
				<record>
					<value>26</value>
					<value>MT</value>
				</record>
				<record>
					<value>27</value>
					<value>NE</value>
				</record>
				<record>
					<value>28</value>
					<value>NV</value>
				</record>
				<record>
					<value>29</value>
					<value>NH</value>
				</record>
				<record>
					<value>30</value>
					<value>NJ</value>
				</record>
				<record>
					<value>31</value>
					<value>NM</value>
				</record>
				<record>
					<value>32</value>
					<value>NY</value>
				</record>
				<record>
					<value>33</value>
					<value>NC</value>
				</record>
				<record>
					<value>34</value>
					<value>ND</value>
				</record>
				<record>
					<value>35</value>
					<value>OH</value>
				</record>
				<record>
					<value>36</value>
					<value>OK</value>
				</record>
				<record>
					<value>37</value>
					<value>OR</value>
				</record>
				<record>
					<value>38</value>
					<value>PA</value>
				</record>
				<record>
					<value>39</value>
					<value>RI</value>
				</record>
				<record>
					<value>40</value>
					<value>SC</value>
				</record>
				<record>
					<value>41</value>
					<value>SD</value>
				</record>
				<record>
					<value>42</value>
					<value>TN</value>
				</record>
				<record>
					<value>43</value>
					<value>TX</value>
				</record>
				<record>
					<value>44</value>
					<value>UT</value>
				</record>
				<record>
					<value>45</value>
					<value>VT</value>
				</record>
				<record>
					<value>46</value>
					<value>VA</value>
				</record>
				<record>
					<value>47</value>
					<value>WA</value>
				</record>
				<record>
					<value>48</value>
					<value>WV</value>
				</record>
				<record>
					<value>49</value>
					<value>WI</value>
				</record>
				<record>
					<value>50</value>
					<value>WY</value>
				</record>
			</data>
		</records>
	</operation>
	<operation type="CREATE_TABLE">
		<table>
			<name>jobsusers</name>
			<type>0</type>
			<dbfields>
				<dbfield>
					<name>Email</name>
					<type>200</type>
					<size>50</size>
					<scale>0</scale>
					<typeName>varchar</typeName>
					<defaultValue></defaultValue>
					<nullable>1</nullable>
					<autoInc>0</autoInc>
					<charset></charset>
				</dbfield>
				<dbfield>
					<name>Group</name>
					<type>200</type>
					<size>50</size>
					<scale>0</scale>
					<typeName>varchar</typeName>
					<defaultValue></defaultValue>
					<nullable>1</nullable>
					<autoInc>0</autoInc>
					<charset></charset>
				</dbfield>
				<dbfield>
					<name>ID</name>
					<type>3</type>
					<size>11</size>
					<scale>0</scale>
					<typeName>int</typeName>
					<defaultValue></defaultValue>
					<nullable>0</nullable>
					<autoInc>1</autoInc>
					<charset></charset>
				</dbfield>
				<dbfield>
					<name>Password</name>
					<type>200</type>
					<size>50</size>
					<scale>0</scale>
					<typeName>varchar</typeName>
					<defaultValue></defaultValue>
					<nullable>1</nullable>
					<autoInc>0</autoInc>
					<charset></charset>
				</dbfield>
				<dbfield>
					<name>Username</name>
					<type>200</type>
					<size>50</size>
					<scale>0</scale>
					<typeName>varchar</typeName>
					<defaultValue></defaultValue>
					<nullable>1</nullable>
					<autoInc>0</autoInc>
					<charset></charset>
				</dbfield>
			</dbfields>
			<dbkeys>
				<dbkey>ID</dbkey>
			</dbkeys>
			<dbfkeys />
			<pbclean>0</pbclean>
		</table>
	</operation>
	<operation type="INSERT_RECORD">
		<tablename>jobsusers</tablename>
		<records>
			<names>
				<colname>Email</colname>
				<colname>Group</colname>
				<colname>ID</colname>
				<colname>Password</colname>
				<colname>Username</colname>
			</names>
			<types>
				<coltype>200</coltype>
				<coltype>200</coltype>
				<coltype>3</coltype>
				<coltype>200</coltype>
				<coltype>200</coltype>
			</types>
			<data>
				<record>
					<NULL />
					<value>admin</value>
					<value>1</value>
					<value>admin</value>
					<value>admin</value>
				</record>
			</data>
		</records>
	</operation>
</operations>
